,"matched_id","internal_person_id","internal_event_id","full_name","prefix","first_name","middle_name","last_name","suffix","name_data_quality","dob","ssn","ssn_hash","ssn_bigrams","dmv_number","dmv_state","additional_id_number","additional_id_name","race","ethnicity","sex","street_address","city","state","postal_code","county","country","address_data_quality","veteran_status","disabling_condition","client_location_start_date","client_location_end_date","program_name","program_type","federal_program","destination","household_id","household_relationship","move_in_date","living_situation_type","living_situation_length","living_situation_start_date","times_on_street","months_homeless","client_location_start_date.1","client_location_end_date.1","client_location","source_name","created_date","updated_date"
0,8246167,8246167,72217729,,,"William",,"Hawkins",,,"3/23/81 20:13","875-23-9469",,,299328,"FL",,,"other","nonhispanic","F",,,,,,,,"N","Y","12/17/16 13:25","3/16/17 12:58","SAFE HAVEN SHELTER","EMERGENCY SHELTER","RHSP",8,20819,1,"12/4/17","CLIENT DOESNT NOW","90 DAYS OR MORE, BUT LESS THAN ONE YEAR","9/20/14 10:22","THREE TIMES",32,"12/17/16 13:25","3/16/17 12:58","LOCATION","HOMELESS ALLIANCE OF DOVE COUNTY","20:44.3","20:44.3"
1,4704965,4704965,28742614,,,"William",,"Hawkins",,,"3/23/81 20:13","875-23-9469",,,508420,"FL",,,"asian","hispanic","F",,,,,,,,"N","N","4/19/17 11:08","11/21/17 12:12","SAFE HAVEN SHELTER","EMERGENCY SHELTER","RHSP",8,84768,1,"12/7/17","CLIENT DOESNT NOW","90 DAYS OR MORE, BUT LESS THAN ONE YEAR","12/2/14 7:51","THREE TIMES",32,"4/19/17 11:08","11/21/17 12:12","LOCATION","HOMELESS ALLIANCE OF DOVE COUNTY","20:44.3","20:44.3"
2,8446345,8446345,74602371,,,"Wesley",,"Robinson",,,"1/24/83 21:06","015-58-8722",,,334834,"FL",,,"other","nonhispanic","F",,,,,,,,"N","N","3/6/17 16:59","3/17/17 7:09","SAFE HAVEN SHELTER","EMERGENCY SHELTER","RHSP",8,89828,1,"12/3/17","CLIENT DOESNT NOW","90 DAYS OR MORE, BUT LESS THAN ONE YEAR","10/4/14 5:43","THREE TIMES",32,"3/6/17 16:59","3/17/17 7:09","LOCATION","HOMELESS ALLIANCE OF DOVE COUNTY","20:44.4","20:44.4"
3,2295849,2295849,90559663,,,"Trevor",,"Cole",,,"3/17/90 2:11","523-59-8240",,,925816,"FL",,,"amindian","hispanic","F",,,,,,,,"N","N","5/6/17 14:03","5/6/17 23:34","SAFE HAVEN SHELTER","EMERGENCY SHELTER","RHSP",8,48996,1,"12/2/17","CLIENT DOESNT NOW","90 DAYS OR MORE, BUT LESS THAN ONE YEAR","9/24/14 22:30","THREE TIMES",32,"5/6/17 14:03","5/6/17 23:34","LOCATION","HOMELESS ALLIANCE OF DOVE COUNTY","20:44.4","20:44.4"
4,2639374,2639374,11349444,,,"Trevor",,"Cole",,,"3/17/90 2:11","523-59-8240",,,805861,"FL",,,"other","nonhispanic","F",,,,,,,,"N","N","5/7/17 3:15","11/7/17 6:01","SAFE HAVEN SHELTER","EMERGENCY SHELTER","RHSP",8,83138,1,"12/7/17","CLIENT DOESNT NOW","90 DAYS OR MORE, BUT LESS THAN ONE YEAR","3/26/14 21:24","THREE TIMES",32,"5/7/17 3:15","11/7/17 6:01","LOCATION","HOMELESS ALLIANCE OF DOVE COUNTY","20:44.4","20:44.4"
5,1114775,1114775,99935891,,,"Tracy",,"Larson",,,"7/2/81 12:22","860-32-1948",,,915937,"FL",,,"amindian","nonhispanic","F",,,,,,,,"N","N","3/28/17 5:31","11/20/17 13:54","SAFE HAVEN SHELTER","EMERGENCY SHELTER","RHSP",8,26178,1,"12/3/17","CLIENT DOESNT NOW","90 DAYS OR MORE, BUT LESS THAN ONE YEAR","1/5/15 10:16","THREE TIMES",32,"3/28/17 5:31","11/20/17 13:54","LOCATION","HOMELESS ALLIANCE OF DOVE COUNTY","20:44.4","20:44.4"
6,61970,61970,53687620,,,"Tina",,"Fisher",,,"5/31/78 10:14","135-74-7687",,,849766,"FL",,,"white","hispanic","F",,,,,,,,"N","N","4/9/17 12:43","12/4/17 20:48","SAFE HAVEN SHELTER","EMERGENCY SHELTER","RHSP",8,93806,1,"12/2/17","CLIENT DOESNT NOW","90 DAYS OR MORE, BUT LESS THAN ONE YEAR","5/23/15 0:13","THREE TIMES",32,"4/9/17 12:43","12/4/17 20:48","LOCATION","HOMELESS ALLIANCE OF DOVE COUNTY","20:44.4","20:44.4"
7,8028938,8028938,7440661,,,"Tara",,"Alvarez",,,"10/8/93 1:27","555-42-6706",,,34025,"FL",,,"pacisland","nonhispanic","F",,,,,,,,"N","N","1/18/17 8:35","9/14/17 18:36","SAFE HAVEN SHELTER","EMERGENCY SHELTER","RHSP",8,70008,1,"12/4/17","CLIENT DOESNT NOW","90 DAYS OR MORE, BUT LESS THAN ONE YEAR","10/13/15 19:24","THREE TIMES",32,"1/18/17 8:35","9/14/17 18:36","LOCATION","HOMELESS ALLIANCE OF DOVE COUNTY","20:44.4","20:44.4"
8,4665220,4665220,25987134,,,"Tammy",,"Marks",,,"11/4/89 2:22","421-71-8735",,,520706,"FL",,,"other","nonhispanic","F",,,,,,,,"N","N","6/2/17 22:08","6/29/17 10:00","SAFE HAVEN SHELTER","EMERGENCY SHELTER","RHSP",8,51756,1,"12/6/17","CLIENT DOESNT NOW","90 DAYS OR MORE, BUT LESS THAN ONE YEAR","3/8/15 16:41","THREE TIMES",32,"6/2/17 22:08","6/29/17 10:00","LOCATION","HOMELESS ALLIANCE OF DOVE COUNTY","20:44.4","20:44.4"
9,4588426,4588426,40169109,,,"Tammy",,"Marks",,,"11/4/89 2:22","421-71-8735",,,567642,"FL",,,"pacisland","hispanic","F",,,,,,,,"N","N","7/22/17 6:46","10/25/17 9:12","SAFE HAVEN SHELTER","EMERGENCY SHELTER","RHSP",8,69173,1,"12/4/17","CLIENT DOESNT NOW","90 DAYS OR MORE, BUT LESS THAN ONE YEAR","7/14/14 20:02","THREE TIMES",32,"7/22/17 6:46","10/25/17 9:12","LOCATION","HOMELESS ALLIANCE OF DOVE COUNTY","20:44.4","20:44.4"
10,386013,386013,90167472,,,"Sydney",,"King",,,"2/4/50 17:28","082-32-1508",,,5845,"FL",,,"black","hispanic","F",,,,,,,,"N","N","4/23/17 18:40","11/21/17 23:14","SAFE HAVEN SHELTER","EMERGENCY SHELTER","RHSP",8,26857,1,"12/2/17","CLIENT DOESNT NOW","90 DAYS OR MORE, BUT LESS THAN ONE YEAR","6/5/15 19:29","THREE TIMES",32,"4/23/17 18:40","11/21/17 23:14","LOCATION","HOMELESS ALLIANCE OF DOVE COUNTY","20:44.3","20:44.3"
11,5330985,5330985,31639369,,,"Sydney",,"Wright",,,"3/11/52 7:33","699-52-1363",,,902250,"FL",,,"other","nonhispanic","F",,,,,,,,"Y","N","3/21/17 13:16","9/26/17 1:36","SAFE HAVEN SHELTER","EMERGENCY SHELTER","RHSP",8,63022,1,"12/5/17","CLIENT DOESNT NOW","90 DAYS OR MORE, BUT LESS THAN ONE YEAR","1/14/14 15:18","THREE TIMES",32,"3/21/17 13:16","9/26/17 1:36","LOCATION","HOMELESS ALLIANCE OF DOVE COUNTY","20:44.4","20:44.4"
12,6247044,6247044,16310844,,,"Sierra",,"Frye",,,"11/16/48 14:56","353-80-3836",,,509688,"FL",,,"asian","nonhispanic","F",,,,,,,,"Y","N","6/29/17 6:46","10/31/17 4:49","SAFE HAVEN SHELTER","EMERGENCY SHELTER","RHSP",8,89911,1,"12/3/17","CLIENT DOESNT NOW","90 DAYS OR MORE, BUT LESS THAN ONE YEAR","9/27/15 12:17","THREE TIMES",32,"6/29/17 6:46","10/31/17 4:49","LOCATION","HOMELESS ALLIANCE OF DOVE COUNTY","20:44.4","20:44.4"
13,6254601,6254601,11287086,,,"Shaun",,"Hernandez",,,"8/12/85 18:08","373-71-9992",,,521920,"FL",,,"asian","hispanic","F",,,,,,,,"N","N","8/28/17 22:48","9/19/17 10:58","SAFE HAVEN SHELTER","EMERGENCY SHELTER","RHSP",8,91586,1,"12/4/17","CLIENT DOESNT NOW","90 DAYS OR MORE, BUT LESS THAN ONE YEAR","8/24/15 13:48","THREE TIMES",32,"8/28/17 22:48","9/19/17 10:58","LOCATION","HOMELESS ALLIANCE OF DOVE COUNTY","20:44.4","20:44.4"
14,6292365,6292365,4510475,,,"Sarah",,"Brown",,,"1/19/63 20:27","595-24-0011",,,821414,"FL",,,"other","nonhispanic","F",,,,,,,,"N","N","7/10/17 21:19","9/24/17 1:46","SAFE HAVEN SHELTER","EMERGENCY SHELTER","RHSP",8,88399,1,"12/7/17","CLIENT DOESNT NOW","90 DAYS OR MORE, BUT LESS THAN ONE YEAR","12/5/15 5:24","THREE TIMES",32,"7/10/17 21:19","9/24/17 1:46","LOCATION","HOMELESS ALLIANCE OF DOVE COUNTY","20:44.4","20:44.4"
15,6736265,6736265,95021535,,,"Sandy",,"Sloan",,,"4/27/74 12:22","728-29-7099",,,333116,"FL",,,"amindian","hispanic","F",,,,,,,,"N","Y","7/4/17 18:01","12/4/17 4:56","SAFE HAVEN SHELTER","EMERGENCY SHELTER","RHSP",8,75711,1,"12/1/17","CLIENT DOESNT NOW","90 DAYS OR MORE, BUT LESS THAN ONE YEAR","6/5/15 13:34","THREE TIMES",32,"7/4/17 18:01","12/4/17 4:56","LOCATION","HOMELESS ALLIANCE OF DOVE COUNTY","20:44.3","20:44.3"
16,673213,673213,23622023,,,"Samantha",,"Snyder",,,"8/20/44 7:41","555-37-2395",,,12771,"FL",,,"asian","nonhispanic","F",,,,,,,,"N","N","4/14/17 19:17","5/9/17 17:59","SAFE HAVEN SHELTER","EMERGENCY SHELTER","RHSP",8,72639,1,"12/4/17","CLIENT DOESNT NOW","90 DAYS OR MORE, BUT LESS THAN ONE YEAR","1/20/14 20:58","THREE TIMES",32,"4/14/17 19:17","5/9/17 17:59","LOCATION","HOMELESS ALLIANCE OF DOVE COUNTY","20:44.4","20:44.4"
17,1208781,1208781,34498406,,,"Samantha",,"Snyder",,,"8/20/44 7:41","555-37-2395",,,103181,"FL",,,"asian","hispanic","F",,,,,,,,"N","N","7/5/17 17:29","10/3/17 0:49","SAFE HAVEN SHELTER","EMERGENCY SHELTER","RHSP",8,4013,1,"12/5/17","CLIENT DOESNT NOW","90 DAYS OR MORE, BUT LESS THAN ONE YEAR","6/9/14 4:26","THREE TIMES",32,"7/5/17 17:29","10/3/17 0:49","LOCATION","HOMELESS ALLIANCE OF DOVE COUNTY","20:44.4","20:44.4"
18,5592539,5592539,163167,,,"Ryan",,"Kelly",,,"2/21/63 18:44","818-15-0637",,,296943,"FL",,,"amindian","hispanic","F",,,,,,,,"N","N","2/14/17 14:20","10/16/17 23:32","SAFE HAVEN SHELTER","EMERGENCY SHELTER","RHSP",8,81809,1,"12/4/17","CLIENT DOESNT NOW","90 DAYS OR MORE, BUT LESS THAN ONE YEAR","8/7/14 12:54","THREE TIMES",32,"2/14/17 14:20","10/16/17 23:32","LOCATION","HOMELESS ALLIANCE OF DOVE COUNTY","20:44.4","20:44.4"
19,7401671,7401671,47159559,,,"Robert",,"Knight",,,"2/15/53 7:04","226-13-6501",,,435407,"FL",,,"pacisland","nonhispanic","F",,,,,,,,"N","N","8/9/17 23:15","10/13/17 16:59","SAFE HAVEN SHELTER","EMERGENCY SHELTER","RHSP",8,57260,1,"12/2/17","CLIENT DOESNT NOW","90 DAYS OR MORE, BUT LESS THAN ONE YEAR","8/8/14 0:06","THREE TIMES",32,"8/9/17 23:15","10/13/17 16:59","LOCATION","HOMELESS ALLIANCE OF DOVE COUNTY","20:44.4","20:44.4"
20,764539,764539,2661239,,,"Rebecca",,"Adams",,,"8/5/48 12:06","750-88-4244",,,195683,"FL",,,"amindian","hispanic","F",,,,,,,,"N","N","6/16/17 15:41","9/24/17 11:32","SAFE HAVEN SHELTER","EMERGENCY SHELTER","RHSP",8,89400,1,"12/1/17","CLIENT DOESNT NOW","90 DAYS OR MORE, BUT LESS THAN ONE YEAR","7/21/14 4:57","THREE TIMES",32,"6/16/17 15:41","9/24/17 11:32","LOCATION","HOMELESS ALLIANCE OF DOVE COUNTY","20:44.4","20:44.4"
21,5370457,5370457,28023135,,,"Randy",,"Foster",,,"10/20/46 6:45","657-71-1877",,,132040,"FL",,,"asian","nonhispanic","F",,,,,,,,"N","N","12/17/16 8:17","11/9/17 19:13","SAFE HAVEN SHELTER","EMERGENCY SHELTER","RHSP",8,6308,1,"12/2/17","CLIENT DOESNT NOW","90 DAYS OR MORE, BUT LESS THAN ONE YEAR","1/17/14 1:12","THREE TIMES",32,"12/17/16 8:17","11/9/17 19:13","LOCATION","HOMELESS ALLIANCE OF DOVE COUNTY","20:44.4","20:44.4"
22,241445,241445,59884202,,,"Rachel",,"Chavez",,,"6/24/91 19:22","383-11-7022",,,756674,"FL",,,"asian","nonhispanic","F",,,,,,,,"N","N","2/6/17 11:41","12/1/17 13:27","SAFE HAVEN SHELTER","EMERGENCY SHELTER","RHSP",8,29184,1,"12/7/17","CLIENT DOESNT NOW","90 DAYS OR MORE, BUT LESS THAN ONE YEAR","1/11/15 11:21","THREE TIMES",32,"2/6/17 11:41","12/1/17 13:27","LOCATION","HOMELESS ALLIANCE OF DOVE COUNTY","20:44.4","20:44.4"
23,8815632,8815632,81865028,,,"Patricia",,"Guerra",,,"10/15/51 5:20","676-58-3747",,,277788,"FL",,,"amindian","hispanic","F",,,,,,,,"N","N","2/9/17 8:04","11/7/17 22:10","SAFE HAVEN SHELTER","EMERGENCY SHELTER","RHSP",8,36739,1,"12/2/17","CLIENT DOESNT NOW","90 DAYS OR MORE, BUT LESS THAN ONE YEAR","1/10/14 22:21","THREE TIMES",32,"2/9/17 8:04","11/7/17 22:10","LOCATION","HOMELESS ALLIANCE OF DOVE COUNTY","20:44.4","20:44.4"
24,6664881,6664881,6307307,,,"Nicole",,"White",,,"10/4/88 19:00","575-92-6813",,,977558,"FL",,,"pacisland","hispanic","F",,,,,,,,"N","N","7/17/17 0:12","10/22/17 19:32","SAFE HAVEN SHELTER","EMERGENCY SHELTER","RHSP",8,7807,1,"12/1/17","CLIENT DOESNT NOW","90 DAYS OR MORE, BUT LESS THAN ONE YEAR","4/10/14 19:03","THREE TIMES",32,"7/17/17 0:12","10/22/17 19:32","LOCATION","HOMELESS ALLIANCE OF DOVE COUNTY","20:44.4","20:44.4"
25,4245732,4245732,40111349,,,"Michael",,"Hood",,,"5/20/73 14:32","739-32-7713",,,11140,"FL",,,"other","nonhispanic","F",,,,,,,,"N","N","12/14/16 21:57","11/30/17 1:31","SAFE HAVEN SHELTER","EMERGENCY SHELTER","RHSP",8,48622,1,"12/5/17","CLIENT DOESNT NOW","90 DAYS OR MORE, BUT LESS THAN ONE YEAR","6/7/14 18:01","THREE TIMES",32,"12/14/16 21:57","11/30/17 1:31","LOCATION","HOMELESS ALLIANCE OF DOVE COUNTY","20:44.3","20:44.3"
26,9668103,9668103,46011883,,,"Megan",,"Park",,,"8/14/87 2:02","601-16-5591",,,424394,"FL",,,"white","hispanic","F",,,,,,,,"N","N","3/27/17 9:31","9/30/17 0:52","SAFE HAVEN SHELTER","EMERGENCY SHELTER","RHSP",8,30394,1,"12/3/17","CLIENT DOESNT NOW","90 DAYS OR MORE, BUT LESS THAN ONE YEAR","10/21/15 23:01","THREE TIMES",32,"3/27/17 9:31","9/30/17 0:52","LOCATION","HOMELESS ALLIANCE OF DOVE COUNTY","20:44.4","20:44.4"
27,4107082,4107082,21524425,,,"Mark",,"Elliott",,,"7/7/70 0:48","299-32-0520",,,13946,"FL",,,"white","hispanic","F",,,,,,,,"Y","N","3/26/17 0:47","11/12/17 23:24","SAFE HAVEN SHELTER","EMERGENCY SHELTER","RHSP",8,4050,1,"12/7/17","CLIENT DOESNT NOW","90 DAYS OR MORE, BUT LESS THAN ONE YEAR","8/11/14 7:16","THREE TIMES",32,"3/26/17 0:47","11/12/17 23:24","LOCATION","HOMELESS ALLIANCE OF DOVE COUNTY","20:44.4","20:44.4"
28,1756533,1756533,72683642,,,"Margaret",,"Burch",,,"11/25/62 23:16","084-65-0902",,,640695,"FL",,,"pacisland","nonhispanic","F",,,,,,,,"Y","N","1/30/17 10:30","10/21/17 21:53","SAFE HAVEN SHELTER","EMERGENCY SHELTER","RHSP",8,80101,1,"12/5/17","CLIENT DOESNT NOW","90 DAYS OR MORE, BUT LESS THAN ONE YEAR","7/20/14 11:00","THREE TIMES",32,"1/30/17 10:30","10/21/17 21:53","LOCATION","HOMELESS ALLIANCE OF DOVE COUNTY","20:44.4","20:44.4"
29,8952578,8952578,15682469,,,"Louis",,"Anderson",,,"6/29/71 6:19","528-15-5804",,,693139,"FL",,,"other","hispanic","F",,,,,,,,"N","Y","2/18/17 20:34","10/9/17 13:40","SAFE HAVEN SHELTER","EMERGENCY SHELTER","RHSP",8,93843,1,"12/3/17","CLIENT DOESNT NOW","90 DAYS OR MORE, BUT LESS THAN ONE YEAR","6/19/15 21:15","THREE TIMES",32,"2/18/17 20:34","10/9/17 13:40","LOCATION","HOMELESS ALLIANCE OF DOVE COUNTY","20:44.4","20:44.4"
30,6375313,6375313,37155108,,,"Lindsay",,"Yang",,,"12/23/70 4:17","565-13-7099",,,100006,"FL",,,"other","hispanic","F",,,,,,,,"Y","N","3/16/17 3:31","3/26/17 13:59","SAFE HAVEN SHELTER","EMERGENCY SHELTER","RHSP",8,84373,1,"12/3/17","CLIENT DOESNT NOW","90 DAYS OR MORE, BUT LESS THAN ONE YEAR","7/19/14 6:16","THREE TIMES",32,"3/16/17 3:31","3/26/17 13:59","LOCATION","HOMELESS ALLIANCE OF DOVE COUNTY","20:44.3","20:44.3"
31,9124475,9124475,53118703,,,"Lindsay",,"Yang",,,"12/23/70 4:17","565-13-7099",,,764733,"FL",,,"black","hispanic","F",,,,,,,,"N","N","3/30/17 6:29","10/19/17 15:00","SAFE HAVEN SHELTER","EMERGENCY SHELTER","RHSP",8,64755,1,"12/5/17","CLIENT DOESNT NOW","90 DAYS OR MORE, BUT LESS THAN ONE YEAR","12/24/13 19:35","THREE TIMES",32,"3/30/17 6:29","10/19/17 15:00","LOCATION","HOMELESS ALLIANCE OF DOVE COUNTY","20:44.4","20:44.4"
32,8501903,8501903,52630626,,,"Kimberly",,"Henderson",,,"7/21/73 12:13","398-37-0036",,,437266,"FL",,,"pacisland","nonhispanic","F",,,,,,,,"N","N","4/27/17 13:00","11/27/17 0:36","SAFE HAVEN SHELTER","EMERGENCY SHELTER","RHSP",8,19319,1,"12/1/17","CLIENT DOESNT NOW","90 DAYS OR MORE, BUT LESS THAN ONE YEAR","12/8/13 22:07","THREE TIMES",32,"4/27/17 13:00","11/27/17 0:36","LOCATION","HOMELESS ALLIANCE OF DOVE COUNTY","20:44.4","20:44.4"
33,2087296,2087296,76093105,,,"Kathleen",,"Matthews",,,"12/24/49 6:34","194-42-4335",,,423408,"FL",,,"white","nonhispanic","F",,,,,,,,"N","N","3/20/17 5:46","5/19/17 21:25","SAFE HAVEN SHELTER","EMERGENCY SHELTER","RHSP",8,20496,1,"12/3/17","CLIENT DOESNT NOW","90 DAYS OR MORE, BUT LESS THAN ONE YEAR","11/4/14 6:25","THREE TIMES",32,"3/20/17 5:46","5/19/17 21:25","LOCATION","HOMELESS ALLIANCE OF DOVE COUNTY","20:44.4","20:44.4"
34,2977430,2977430,22506051,,,"Kara",,"Duran",,,"6/23/63 22:08","048-88-4170",,,832270,"FL",,,"pacisland","hispanic","F",,,,,,,,"N","N","8/7/17 18:33","11/15/17 15:32","SAFE HAVEN SHELTER","EMERGENCY SHELTER","RHSP",8,14510,1,"12/1/17","CLIENT DOESNT NOW","90 DAYS OR MORE, BUT LESS THAN ONE YEAR","4/9/15 11:58","THREE TIMES",32,"8/7/17 18:33","11/15/17 15:32","LOCATION","HOMELESS ALLIANCE OF DOVE COUNTY","20:44.4","20:44.4"
35,1354042,1354042,1137086,,,"Joseph",,"Ortiz",,,"3/1/66 12:54","518-96-5523",,,208894,"FL",,,"pacisland","nonhispanic","F",,,,,,,,"N","N","8/4/17 5:47","11/25/17 14:12","SAFE HAVEN SHELTER","EMERGENCY SHELTER","RHSP",8,21992,1,"12/3/17","CLIENT DOESNT NOW","90 DAYS OR MORE, BUT LESS THAN ONE YEAR","4/21/15 6:20","THREE TIMES",32,"8/4/17 5:47","11/25/17 14:12","LOCATION","HOMELESS ALLIANCE OF DOVE COUNTY","20:44.4","20:44.4"
36,21384,21384,79005650,,,"Jonathan",,"Wright",,,"12/27/56 2:10","566-11-6579",,,912565,"FL",,,"other","nonhispanic","F",,,,,,,,"N","Y","5/8/17 4:55","11/26/17 7:39","SAFE HAVEN SHELTER","EMERGENCY SHELTER","RHSP",8,82330,1,"12/6/17","CLIENT DOESNT NOW","90 DAYS OR MORE, BUT LESS THAN ONE YEAR","10/26/14 20:33","THREE TIMES",32,"5/8/17 4:55","11/26/17 7:39","LOCATION","HOMELESS ALLIANCE OF DOVE COUNTY","20:44.4","20:44.4"
37,6176593,6176593,96569046,,,"John",,"Burns",,,"4/4/56 11:44","279-73-1666",,,295081,"FL",,,"amindian","hispanic","F",,,,,,,,"N","N","12/8/16 10:38","10/26/17 6:47","SAFE HAVEN SHELTER","EMERGENCY SHELTER","RHSP",8,69801,1,"12/4/17","CLIENT DOESNT NOW","90 DAYS OR MORE, BUT LESS THAN ONE YEAR","9/15/14 0:52","THREE TIMES",32,"12/8/16 10:38","10/26/17 6:47","LOCATION","HOMELESS ALLIANCE OF DOVE COUNTY","20:44.4","20:44.4"
38,2513841,2513841,21789213,,,"Jessica",,"Valdez",,,"5/13/65 22:26","284-67-0126",,,189907,"FL",,,"asian","nonhispanic","F",,,,,,,,"N","N","7/5/17 16:40","11/20/17 20:28","SAFE HAVEN SHELTER","EMERGENCY SHELTER","RHSP",8,45990,1,"12/6/17","CLIENT DOESNT NOW","90 DAYS OR MORE, BUT LESS THAN ONE YEAR","10/17/15 2:17","THREE TIMES",32,"7/5/17 16:40","11/20/17 20:28","LOCATION","HOMELESS ALLIANCE OF DOVE COUNTY","20:44.4","20:44.4"
39,7201862,7201862,87861514,,,"Jesse",,"Gonzales",,,"9/19/95 20:40","877-29-2162",,,99636,"FL",,,"black","hispanic","F",,,,,,,,"N","N","2/3/17 6:57","9/12/17 22:21","SAFE HAVEN SHELTER","EMERGENCY SHELTER","RHSP",8,65390,1,"12/1/17","CLIENT DOESNT NOW","90 DAYS OR MORE, BUT LESS THAN ONE YEAR","10/26/14 13:44","THREE TIMES",32,"2/3/17 6:57","9/12/17 22:21","LOCATION","HOMELESS ALLIANCE OF DOVE COUNTY","20:44.4","20:44.4"
40,5211916,5211916,8770703,,,"Jason",,"Berg",,,"3/13/52 10:38","216-63-3859",,,101979,"FL",,,"other","nonhispanic","F",,,,,,,,"N","Y","2/9/17 14:25","9/14/17 2:15","SAFE HAVEN SHELTER","EMERGENCY SHELTER","RHSP",8,50614,1,"12/5/17","CLIENT DOESNT NOW","90 DAYS OR MORE, BUT LESS THAN ONE YEAR","12/27/13 4:08","THREE TIMES",32,"2/9/17 14:25","9/14/17 2:15","LOCATION","HOMELESS ALLIANCE OF DOVE COUNTY","20:44.3","20:44.3"
41,7774716,7774716,55515019,,,"Jason",,"Hamilton",,,"1/16/98 7:53","762-50-6152",,,898824,"FL",,,"other","hispanic","F",,,,,,,,"N","N","1/23/17 11:44","12/1/17 2:05","SAFE HAVEN SHELTER","EMERGENCY SHELTER","RHSP",8,73922,1,"12/5/17","CLIENT DOESNT NOW","90 DAYS OR MORE, BUT LESS THAN ONE YEAR","8/30/15 23:44","THREE TIMES",32,"1/23/17 11:44","12/1/17 2:05","LOCATION","HOMELESS ALLIANCE OF DOVE COUNTY","20:44.4","20:44.4"
42,5618753,5618753,49115797,,,"Janet",,"Robbins",,,"8/31/99 2:20","442-38-9844",,,550427,"FL",,,"amindian","hispanic","F",,,,,,,,"Y","N","6/24/17 13:44","9/17/17 20:34","SAFE HAVEN SHELTER","EMERGENCY SHELTER","RHSP",8,4291,1,"12/5/17","CLIENT DOESNT NOW","90 DAYS OR MORE, BUT LESS THAN ONE YEAR","9/21/15 1:13","THREE TIMES",32,"6/24/17 13:44","9/17/17 20:34","LOCATION","HOMELESS ALLIANCE OF DOVE COUNTY","20:44.4","20:44.4"
43,7342139,7342139,78700101,,,"James",,"Black",,,"5/23/70 4:30","521-03-0303",,,600195,"FL",,,"black","hispanic","F",,,,,,,,"N","N","7/20/17 12:18","9/26/17 18:35","SAFE HAVEN SHELTER","EMERGENCY SHELTER","RHSP",8,86139,1,"12/2/17","CLIENT DOESNT NOW","90 DAYS OR MORE, BUT LESS THAN ONE YEAR","3/22/15 12:11","THREE TIMES",32,"7/20/17 12:18","9/26/17 18:35","LOCATION","HOMELESS ALLIANCE OF DOVE COUNTY","20:44.4","20:44.4"
44,711392,711392,87136961,,,"Gary",,"Reyes",,,"11/5/51 7:53","872-91-5086",,,528492,"FL",,,"pacisland","hispanic","F",,,,,,,,"N","N","4/11/17 13:15","9/29/17 1:40","SAFE HAVEN SHELTER","EMERGENCY SHELTER","RHSP",8,50039,1,"12/7/17","CLIENT DOESNT NOW","90 DAYS OR MORE, BUT LESS THAN ONE YEAR","3/30/14 23:04","THREE TIMES",32,"4/11/17 13:15","9/29/17 1:40","LOCATION","HOMELESS ALLIANCE OF DOVE COUNTY","20:44.4","20:44.4"
45,1143997,1143997,72033790,,,"Gary",,"Deleon",,,"1/8/97 12:02","062-07-9606",,,875817,"FL",,,"other","nonhispanic","F",,,,,,,,"N","N","4/3/17 16:40","10/11/17 16:26","SAFE HAVEN SHELTER","EMERGENCY SHELTER","RHSP",8,81191,1,"12/4/17","CLIENT DOESNT NOW","90 DAYS OR MORE, BUT LESS THAN ONE YEAR","10/10/15 12:54","THREE TIMES",32,"4/3/17 16:40","10/11/17 16:26","LOCATION","HOMELESS ALLIANCE OF DOVE COUNTY","20:44.4","20:44.4"
46,5812729,5812729,29682797,,,"Garrett",,"Middleton",,,"6/10/99 6:30","184-30-1134",,,95331,"FL",,,"asian","hispanic","F",,,,,,,,"N","Y","7/4/17 12:15","9/12/17 5:41","SAFE HAVEN SHELTER","EMERGENCY SHELTER","RHSP",8,30420,1,"12/7/17","CLIENT DOESNT NOW","90 DAYS OR MORE, BUT LESS THAN ONE YEAR","12/13/13 1:20","THREE TIMES",32,"7/4/17 12:15","9/12/17 5:41","LOCATION","HOMELESS ALLIANCE OF DOVE COUNTY","20:44.4","20:44.4"
47,4723636,4723636,47405690,,,"Eric",,"Hunter",,,"12/6/70 5:15","516-04-4714",,,977084,"FL",,,"amindian","hispanic","F",,,,,,,,"N","N","1/28/17 0:30","10/10/17 12:03","SAFE HAVEN SHELTER","EMERGENCY SHELTER","RHSP",8,39712,1,"12/2/17","CLIENT DOESNT NOW","90 DAYS OR MORE, BUT LESS THAN ONE YEAR","2/26/15 20:09","THREE TIMES",32,"1/28/17 0:30","10/10/17 12:03","LOCATION","HOMELESS ALLIANCE OF DOVE COUNTY","20:44.4","20:44.4"
48,7632972,7632972,22489689,,,"Edwin",,"Reyes",,,"1/10/46 20:19","738-19-7528",,,357537,"FL",,,"asian","hispanic","F",,,,,,,,"N","Y","1/12/17 11:32","9/17/17 4:52","SAFE HAVEN SHELTER","EMERGENCY SHELTER","RHSP",8,94282,1,"12/7/17","CLIENT DOESNT NOW","90 DAYS OR MORE, BUT LESS THAN ONE YEAR","10/25/15 16:13","THREE TIMES",32,"1/12/17 11:32","9/17/17 4:52","LOCATION","HOMELESS ALLIANCE OF DOVE COUNTY","20:44.4","20:44.4"
49,7360459,7360459,52323773,,,"Douglas",,"Benitez",,,"1/5/53 8:03","397-92-3765",,,925563,"FL",,,"black","nonhispanic","F",,,,,,,,"N","N","5/12/17 7:36","11/28/17 18:14","SAFE HAVEN SHELTER","EMERGENCY SHELTER","RHSP",8,88644,1,"12/3/17","CLIENT DOESNT NOW","90 DAYS OR MORE, BUT LESS THAN ONE YEAR","4/7/14 23:59","THREE TIMES",32,"5/12/17 7:36","11/28/17 18:14","LOCATION","HOMELESS ALLIANCE OF DOVE COUNTY","20:44.4","20:44.4"
50,6000072,6000072,66994630,,,"Douglas",,"Fitzgerald",,,"1/3/57 9:09","614-91-5231",,,431200,"FL",,,"white","hispanic","F",,,,,,,,"N","N","1/16/17 19:50","10/21/17 0:23","SAFE HAVEN SHELTER","EMERGENCY SHELTER","RHSP",8,94178,1,"12/3/17","CLIENT DOESNT NOW","90 DAYS OR MORE, BUT LESS THAN ONE YEAR","4/10/14 8:58","THREE TIMES",32,"1/16/17 19:50","10/21/17 0:23","LOCATION","HOMELESS ALLIANCE OF DOVE COUNTY","20:44.4","20:44.4"
51,725014,725014,23341062,,,"Desiree",,"Cooley",,,"4/5/60 6:52","404-41-6293",,,123391,"FL",,,"amindian","hispanic","F",,,,,,,,"N","N","6/13/17 19:34","6/14/17 19:34","SAFE HAVEN SHELTER","EMERGENCY SHELTER","RHSP",8,7056,1,"12/4/17","CLIENT DOESNT NOW","90 DAYS OR MORE, BUT LESS THAN ONE YEAR","2/6/15 15:19","THREE TIMES",32,"6/13/17 19:34","6/14/17 19:34","LOCATION","HOMELESS ALLIANCE OF DOVE COUNTY","20:44.4","20:44.4"
52,9569176,9569176,54365800,,,"Derrick",,"Esparza",,,"3/19/80 22:19","755-79-2134",,,61557,"FL",,,"black","hispanic","F",,,,,,,,"N","Y","8/28/17 0:52","10/19/17 16:21","SAFE HAVEN SHELTER","EMERGENCY SHELTER","RHSP",8,85537,1,"12/7/17","CLIENT DOESNT NOW","90 DAYS OR MORE, BUT LESS THAN ONE YEAR","2/17/14 23:36","THREE TIMES",32,"8/28/17 0:52","10/19/17 16:21","LOCATION","HOMELESS ALLIANCE OF DOVE COUNTY","20:44.4","20:44.4"
53,4509335,4509335,57324351,,,"David",,"Ferguson",,,"3/20/78 20:39","568-91-6324",,,868579,"FL",,,"amindian","hispanic","F",,,,,,,,"N","N","3/25/17 8:54","9/10/17 3:57","SAFE HAVEN SHELTER","EMERGENCY SHELTER","RHSP",8,51869,1,"12/6/17","CLIENT DOESNT NOW","90 DAYS OR MORE, BUT LESS THAN ONE YEAR","8/16/14 1:41","THREE TIMES",32,"3/25/17 8:54","9/10/17 3:57","LOCATION","HOMELESS ALLIANCE OF DOVE COUNTY","20:44.4","20:44.4"
54,1518458,1518458,51965464,,,"Danielle",,"Carter",,,"1/10/88 9:23","310-05-9707",,,877172,"FL",,,"pacisland","hispanic","F",,,,,,,,"N","N","1/4/17 18:49","3/1/17 22:50","SAFE HAVEN SHELTER","EMERGENCY SHELTER","RHSP",8,38120,1,"12/2/17","CLIENT DOESNT NOW","90 DAYS OR MORE, BUT LESS THAN ONE YEAR","7/21/15 18:40","THREE TIMES",32,"1/4/17 18:49","3/1/17 22:50","LOCATION","HOMELESS ALLIANCE OF DOVE COUNTY","20:44.4","20:44.4"
55,6766826,6766826,92146916,,,"Danielle",,"Carter",,,"1/10/88 9:23","310-05-9707",,,91444,"FL",,,"other","hispanic","F",,,,,,,,"N","N","6/10/17 22:50","7/19/17 9:42","SAFE HAVEN SHELTER","EMERGENCY SHELTER","RHSP",8,68698,1,"12/5/17","CLIENT DOESNT NOW","90 DAYS OR MORE, BUT LESS THAN ONE YEAR","4/29/15 3:14","THREE TIMES",32,"6/10/17 22:50","7/19/17 9:42","LOCATION","HOMELESS ALLIANCE OF DOVE COUNTY","20:44.4","20:44.4"
56,8559964,8559964,14137422,,,"Cynthia",,"Christian",,,"2/6/84 2:08","276-83-3646",,,706642,"FL",,,"pacisland","nonhispanic","F",,,,,,,,"Y","N","12/25/16 13:55","1/22/17 18:35","SAFE HAVEN SHELTER","EMERGENCY SHELTER","RHSP",8,95596,1,"12/7/17","CLIENT DOESNT NOW","90 DAYS OR MORE, BUT LESS THAN ONE YEAR","9/28/14 5:34","THREE TIMES",32,"12/25/16 13:55","1/22/17 18:35","LOCATION","HOMELESS ALLIANCE OF DOVE COUNTY","20:44.3","20:44.3"
57,3123985,3123985,95652623,,,"Cynthia",,"Christian",,,"2/6/84 2:08","276-83-3646",,,467421,"FL",,,"pacisland","hispanic","F",,,,,,,,"N","N","2/10/17 11:54","2/20/17 4:31","SAFE HAVEN SHELTER","EMERGENCY SHELTER","RHSP",8,34561,1,"12/4/17","CLIENT DOESNT NOW","90 DAYS OR MORE, BUT LESS THAN ONE YEAR","9/14/14 22:26","THREE TIMES",32,"2/10/17 11:54","2/20/17 4:31","LOCATION","HOMELESS ALLIANCE OF DOVE COUNTY","20:44.4","20:44.4"
58,9111790,9111790,976186,,,"Cody",,"Clements",,,"11/14/73 21:41","437-13-2242",,,735952,"FL",,,"asian","hispanic","F",,,,,,,,"N","N","5/16/17 1:02","7/16/17 6:38","SAFE HAVEN SHELTER","EMERGENCY SHELTER","RHSP",8,48868,1,"12/7/17","CLIENT DOESNT NOW","90 DAYS OR MORE, BUT LESS THAN ONE YEAR","9/4/15 4:10","THREE TIMES",32,"5/16/17 1:02","7/16/17 6:38","LOCATION","HOMELESS ALLIANCE OF DOVE COUNTY","20:44.4","20:44.4"
59,1338235,1338235,36631690,,,"Cody",,"Clements",,,"11/14/73 21:41","437-13-2242",,,990505,"FL",,,"white","hispanic","F",,,,,,,,"N","N","8/4/17 1:32","11/2/17 14:45","SAFE HAVEN SHELTER","EMERGENCY SHELTER","RHSP",8,23592,1,"12/3/17","CLIENT DOESNT NOW","90 DAYS OR MORE, BUT LESS THAN ONE YEAR","3/26/14 4:49","THREE TIMES",32,"8/4/17 1:32","11/2/17 14:45","LOCATION","HOMELESS ALLIANCE OF DOVE COUNTY","20:44.4","20:44.4"
60,2418576,2418576,46570495,,,"Cindy",,"Bonilla",,,"1/21/55 18:24","048-72-7769",,,659462,"FL",,,"asian","nonhispanic","F",,,,,,,,"N","Y","4/24/17 0:38","9/12/17 3:01","SAFE HAVEN SHELTER","EMERGENCY SHELTER","RHSP",8,57652,1,"12/7/17","CLIENT DOESNT NOW","90 DAYS OR MORE, BUT LESS THAN ONE YEAR","11/13/15 7:54","THREE TIMES",32,"4/24/17 0:38","9/12/17 3:01","LOCATION","HOMELESS ALLIANCE OF DOVE COUNTY","20:44.4","20:44.4"
61,634300,634300,46809313,,,"Cindy",,"Savage",,,"1/21/43 1:29","181-08-2491",,,238081,"FL",,,"white","nonhispanic","F",,,,,,,,"N","N","2/20/17 3:14","9/29/17 12:41","SAFE HAVEN SHELTER","EMERGENCY SHELTER","RHSP",8,16234,1,"12/3/17","CLIENT DOESNT NOW","90 DAYS OR MORE, BUT LESS THAN ONE YEAR","5/11/14 9:15","THREE TIMES",32,"2/20/17 3:14","9/29/17 12:41","LOCATION","HOMELESS ALLIANCE OF DOVE COUNTY","20:44.4","20:44.4"
62,3802364,3802364,15276068,,,"Charles",,"Blair",,,"12/10/55 5:22","261-14-0164",,,877521,"FL",,,"black","hispanic","F",,,,,,,,"N","N","6/26/17 8:15","9/30/17 11:37","SAFE HAVEN SHELTER","EMERGENCY SHELTER","RHSP",8,77555,1,"12/5/17","CLIENT DOESNT NOW","90 DAYS OR MORE, BUT LESS THAN ONE YEAR","8/7/14 12:59","THREE TIMES",32,"6/26/17 8:15","9/30/17 11:37","LOCATION","HOMELESS ALLIANCE OF DOVE COUNTY","20:44.4","20:44.4"
63,3779514,3779514,70734969,,,"Brendan",,"Lopez",,,"4/15/47 10:53","682-09-6784",,,863539,"FL",,,"white","hispanic","F",,,,,,,,"N","N","5/15/17 4:22","10/30/17 6:14","SAFE HAVEN SHELTER","EMERGENCY SHELTER","RHSP",8,60690,1,"12/3/17","CLIENT DOESNT NOW","90 DAYS OR MORE, BUT LESS THAN ONE YEAR","11/9/15 23:59","THREE TIMES",32,"5/15/17 4:22","10/30/17 6:14","LOCATION","HOMELESS ALLIANCE OF DOVE COUNTY","20:44.4","20:44.4"
64,631719,631719,26530139,,,"Brenda",,"Kim",,,"1/28/91 19:45","266-06-0409",,,560683,"FL",,,"black","hispanic","F",,,,,,,,"N","N","8/10/17 6:57","11/21/17 7:59","SAFE HAVEN SHELTER","EMERGENCY SHELTER","RHSP",8,56768,1,"12/3/17","CLIENT DOESNT NOW","90 DAYS OR MORE, BUT LESS THAN ONE YEAR","10/12/15 3:06","THREE TIMES",32,"8/10/17 6:57","11/21/17 7:59","LOCATION","HOMELESS ALLIANCE OF DOVE COUNTY","20:44.4","20:44.4"
65,7177591,7177591,38784372,,,"Anthony",,"Forbes",,,"8/17/81 20:03","148-77-3165",,,502989,"FL",,,"amindian","hispanic","F",,,,,,,,"N","N","12/27/16 16:57","1/1/17 16:57","SAFE HAVEN SHELTER","EMERGENCY SHELTER","RHSP",8,35474,1,"12/4/17","CLIENT DOESNT NOW","90 DAYS OR MORE, BUT LESS THAN ONE YEAR","7/16/14 2:14","THREE TIMES",32,"12/27/16 16:57","1/1/17 16:57","LOCATION","HOMELESS ALLIANCE OF DOVE COUNTY","20:44.4","20:44.4"
66,8493499,8493499,41833355,,,"Andrew",,"Davis",,,"8/2/83 0:00","489-36-9626",,,288138,"FL",,,"white","hispanic","F",,,,,,,,"N","N","8/7/17 1:29","9/16/17 6:01","SAFE HAVEN SHELTER","EMERGENCY SHELTER","RHSP",8,30980,1,"12/3/17","CLIENT DOESNT NOW","90 DAYS OR MORE, BUT LESS THAN ONE YEAR","5/12/15 21:22","THREE TIMES",32,"8/7/17 1:29","9/16/17 6:01","LOCATION","HOMELESS ALLIANCE OF DOVE COUNTY","20:44.4","20:44.4"
67,8514499,8514499,59746382,,,"Andrew",,"Thompson",,,"6/28/59 6:40","323-81-5256",,,674734,"FL",,,"pacisland","hispanic","F",,,,,,,,"N","N","5/24/17 4:50","5/24/17 4:50","SAFE HAVEN SHELTER","EMERGENCY SHELTER","RHSP",8,80191,1,"12/2/17","CLIENT DOESNT NOW","90 DAYS OR MORE, BUT LESS THAN ONE YEAR","8/30/15 11:33","THREE TIMES",32,"5/24/17 4:50","5/24/17 4:50","LOCATION","HOMELESS ALLIANCE OF DOVE COUNTY","20:44.4","20:44.4"
68,3272738,3272738,45546807,,,"Andrea",,"Moses",,,"9/21/48 14:21","110-82-1357",,,306444,"FL",,,"white","nonhispanic","F",,,,,,,,"N","N","5/5/17 22:51","5/6/17 22:51","SAFE HAVEN SHELTER","EMERGENCY SHELTER","RHSP",8,67288,1,"12/3/17","CLIENT DOESNT NOW","90 DAYS OR MORE, BUT LESS THAN ONE YEAR","1/13/14 2:39","THREE TIMES",32,"5/5/17 22:51","5/6/17 22:51","LOCATION","HOMELESS ALLIANCE OF DOVE COUNTY","20:44.4","20:44.4"
69,4423262,4423262,2963627,,,"Alicia",,"Davis",,,"10/28/76 3:40","733-49-6853",,,64668,"FL",,,"amindian","hispanic","F",,,,,,,,"N","N","2/25/17 18:01","10/4/17 13:14","SAFE HAVEN SHELTER","EMERGENCY SHELTER","RHSP",8,45212,1,"12/7/17","CLIENT DOESNT NOW","90 DAYS OR MORE, BUT LESS THAN ONE YEAR","10/17/14 15:58","THREE TIMES",32,"2/25/17 18:01","10/4/17 13:14","LOCATION","HOMELESS ALLIANCE OF DOVE COUNTY","20:44.4","20:44.4"
70,7631339,7631339,5889244,,,"Timothy",,"Ramsey",,,"5/7/73 23:20","524-12-9796",,,440128,"FL",,,"other","nonhispanic","F",,,,,,,,"N","N","11/29/17 7:13","11/29/17 7:13","SAFE HAVEN SHELTER","EMERGENCY SHELTER","RHSP",8,57838,1,"12/1/17","CLIENT DOESNT NOW","90 DAYS OR MORE, BUT LESS THAN ONE YEAR","12/4/15 12:10","THREE TIMES",32,"1/29/17 7:13","2/26/17 6:40","LOCATION","HOMELESS ALLIANCE OF DOVE COUNTY","20:44.4","20:44.4"
71,5611067,5611067,29206338,,,"Timothy",,"Ramsey",,,"5/7/73 23:20","524-12-9796",,,463373,"FL",,,"white","nonhispanic","F",,,,,,,,"N","N","11/16/17 21:16","11/16/17 21:16","SAFE HAVEN SHELTER","EMERGENCY SHELTER","RHSP",8,16247,1,"12/6/17","CLIENT DOESNT NOW","90 DAYS OR MORE, BUT LESS THAN ONE YEAR","5/15/15 15:48","THREE TIMES",32,"6/21/17 9:42","7/16/17 21:16","LOCATION","HOMELESS ALLIANCE OF DOVE COUNTY","20:44.3","20:44.3"
72,2500507,2500507,9704178,,,"Theresa",,"Cruz",,,"9/9/77 14:38","490-66-5290",,,433978,"FL",,,"asian","nonhispanic","F",,,,,,,,"N","N","11/26/17 4:16","11/27/17 4:16","SAFE HAVEN SHELTER","EMERGENCY SHELTER","RHSP",8,33435,1,"12/1/17","CLIENT DOESNT NOW","90 DAYS OR MORE, BUT LESS THAN ONE YEAR","4/8/15 0:23","THREE TIMES",32,"2/26/17 4:16","3/1/17 4:16","LOCATION","HOMELESS ALLIANCE OF DOVE COUNTY","20:44.4","20:44.4"
73,5737383,5737383,95166109,,,"Terri",,"White",,,"8/12/92 3:00","491-09-3051",,,988563,"FL",,,"asian","hispanic","F",,,,,,,,"Y","N","11/1/17 4:54","11/4/17 7:11","SAFE HAVEN SHELTER","EMERGENCY SHELTER","RHSP",8,68035,1,"12/1/17","CLIENT DOESNT NOW","90 DAYS OR MORE, BUT LESS THAN ONE YEAR","10/22/14 4:37","THREE TIMES",32,"1/31/17 4:54","3/17/17 7:11","LOCATION","HOMELESS ALLIANCE OF DOVE COUNTY","20:44.4","20:44.4"
74,3681665,3681665,87426083,,,"Stephanie",,"Holt",,,"7/5/60 3:06","687-08-8903",,,334909,"FL",,,"amindian","nonhispanic","F",,,,,,,,"N","Y","3/23/17 0:05","4/13/17 10:49","SAFE HAVEN SHELTER","EMERGENCY SHELTER","RHSP",8,6571,1,"12/3/17","CLIENT DOESNT NOW","90 DAYS OR MORE, BUT LESS THAN ONE YEAR","6/7/15 14:53","THREE TIMES",32,"3/23/17 0:05","4/13/17 10:49","LOCATION","HOMELESS ALLIANCE OF DOVE COUNTY","20:44.4","20:44.4"
75,5319422,5319422,98691817,,,"Roger",,"Lopez",,,"12/17/82 21:39","446-01-6454",,,840803,"FL",,,"black","nonhispanic","F",,,,,,,,"N","N","11/1/17 7:27","11/12/17 10:53","SAFE HAVEN SHELTER","EMERGENCY SHELTER","RHSP",8,12138,1,"12/7/17","CLIENT DOESNT NOW","90 DAYS OR MORE, BUT LESS THAN ONE YEAR","4/22/14 6:44","THREE TIMES",32,"4/1/17 7:27","4/28/17 10:53","LOCATION","HOMELESS ALLIANCE OF DOVE COUNTY","20:44.4","20:44.4"
76,6689066,6689066,53265068,,,"Phillip",,"Delgado",,,"8/27/73 8:58","650-33-4352",,,148442,"FL",,,"amindian","hispanic","F",,,,,,,,"N","N","1/15/17 1:57","11/16/17 1:57","SAFE HAVEN SHELTER","EMERGENCY SHELTER","RHSP",8,93911,1,"12/6/17","CLIENT DOESNT NOW","90 DAYS OR MORE, BUT LESS THAN ONE YEAR","2/6/15 2:43","THREE TIMES",32,"6/15/17 1:57","6/16/17 1:57","LOCATION","HOMELESS ALLIANCE OF DOVE COUNTY","20:44.4","20:44.4"
77,5628696,5628696,77973282,,,"Paul",,"Price",,,"6/14/90 22:09","126-49-0475",,,935358,"FL",,,"white","hispanic","F",,,,,,,,"N","N","11/22/16 6:07","11/25/17 12:27","SAFE HAVEN SHELTER","EMERGENCY SHELTER","RHSP",8,90603,1,"12/7/17","CLIENT DOESNT NOW","90 DAYS OR MORE, BUT LESS THAN ONE YEAR","1/19/14 5:03","THREE TIMES",32,"12/22/16 6:07","1/25/17 12:27","LOCATION","HOMELESS ALLIANCE OF DOVE COUNTY","20:44.3","20:44.3"
78,9842853,9842853,90959844,,,"Nicole",,"Andrews",,,"7/29/76 17:19","731-47-6749",,,802741,"FL",,,"black","hispanic","F",,,,,,,,"N","Y","11/6/17 12:52","11/9/17 12:52","SAFE HAVEN SHELTER","EMERGENCY SHELTER","RHSP",8,94188,1,"12/7/17","CLIENT DOESNT NOW","90 DAYS OR MORE, BUT LESS THAN ONE YEAR","5/28/15 3:29","THREE TIMES",32,"9/6/17 3:39","11/6/17 12:52","LOCATION","HOMELESS ALLIANCE OF DOVE COUNTY","20:44.4","20:44.4"
79,8218771,8218771,12366687,,,"Monica",,"Lucas",,,"10/11/69 18:15","571-51-4186",,,658009,"FL",,,"white","nonhispanic","F",,,,,,,,"N","Y","11/10/17 11:11","11/11/17 11:11","SAFE HAVEN SHELTER","EMERGENCY SHELTER","RHSP",8,69160,1,"12/1/17","CLIENT DOESNT NOW","90 DAYS OR MORE, BUT LESS THAN ONE YEAR","1/27/15 4:00","THREE TIMES",32,"5/24/17 5:58","11/11/17 11:11","LOCATION","HOMELESS ALLIANCE OF DOVE COUNTY","20:44.4","20:44.4"
80,7453039,7453039,91542946,,,"Melinda",,"Walker",,,"6/22/67 21:40","746-50-1855",,,532940,"FL",,,"white","hispanic","F",,,,,,,,"N","N","7/26/17 18:24","11/7/17 15:03","SAFE HAVEN SHELTER","EMERGENCY SHELTER","RHSP",8,49302,1,"12/1/17","CLIENT DOESNT NOW","90 DAYS OR MORE, BUT LESS THAN ONE YEAR","5/9/14 8:55","THREE TIMES",32,"7/26/17 18:24","10/7/17 15:03","LOCATION","HOMELESS ALLIANCE OF DOVE COUNTY","20:44.4","20:44.4"
81,8297108,8297108,76817153,,,"Megan",,"Melendez",,,"5/22/57 4:11","083-28-4101",,,837546,"FL",,,"white","hispanic","F",,,,,,,,"N","N","11/13/17 9:27","11/26/17 13:04","SAFE HAVEN SHELTER","EMERGENCY SHELTER","RHSP",8,37961,1,"12/3/17","CLIENT DOESNT NOW","90 DAYS OR MORE, BUT LESS THAN ONE YEAR","6/27/15 23:26","THREE TIMES",32,"7/13/17 9:27","7/26/17 13:04","LOCATION","HOMELESS ALLIANCE OF DOVE COUNTY","20:44.4","20:44.4"
82,4276363,4276363,19456041,,,"Megan",,"Melendez",,,"5/22/57 4:11","083-28-4101",,,299219,"FL",,,"amindian","hispanic","F",,,,,,,,"N","N","11/13/17 18:13","11/16/17 18:13","SAFE HAVEN SHELTER","EMERGENCY SHELTER","RHSP",8,47543,1,"12/2/17","CLIENT DOESNT NOW","90 DAYS OR MORE, BUT LESS THAN ONE YEAR","10/31/15 16:15","THREE TIMES",32,"8/6/17 22:10","11/16/17 18:13","LOCATION","HOMELESS ALLIANCE OF DOVE COUNTY","20:44.4","20:44.4"
83,9616066,9616066,74364433,,,"Krystal",,"Pugh",,,"1/6/80 12:52","122-86-5712",,,819971,"FL",,,"asian","hispanic","F",,,,,,,,"Y","N","11/17/17 17:36","11/17/17 20:49","SAFE HAVEN SHELTER","EMERGENCY SHELTER","RHSP",8,18237,1,"12/2/17","CLIENT DOESNT NOW","90 DAYS OR MORE, BUT LESS THAN ONE YEAR","10/27/14 21:57","THREE TIMES",32,"3/17/17 17:36","3/17/17 20:49","LOCATION","HOMELESS ALLIANCE OF DOVE COUNTY","20:44.4","20:44.4"
84,7627747,7627747,36579903,,,"Julia",,"Cohen",,,"9/2/55 21:57","126-27-5650",,,506003,"FL",,,"asian","hispanic","F",,,,,,,,"N","Y","11/11/16 7:19","11/12/16 0:47","SAFE HAVEN SHELTER","EMERGENCY SHELTER","RHSP",8,24290,1,"12/5/17","CLIENT DOESNT NOW","90 DAYS OR MORE, BUT LESS THAN ONE YEAR","10/10/15 19:07","THREE TIMES",32,"12/11/16 7:19","12/17/16 0:47","LOCATION","HOMELESS ALLIANCE OF DOVE COUNTY","20:44.4","20:44.4"
85,4576591,4576591,28568746,,,"John",,"Thompson",,,"2/8/60 15:49","507-14-0294",,,420953,"FL",,,"amindian","hispanic","F",,,,,,,,"Y","N","4/29/17 5:00","5/6/17 18:55","SAFE HAVEN SHELTER","EMERGENCY SHELTER","RHSP",8,44070,1,"12/3/17","CLIENT DOESNT NOW","90 DAYS OR MORE, BUT LESS THAN ONE YEAR","3/7/15 22:06","THREE TIMES",32,"4/29/17 5:00","5/6/17 18:55","LOCATION","HOMELESS ALLIANCE OF DOVE COUNTY","20:44.3","20:44.3"
86,3375348,3375348,21770252,,,"John",,"Thompson",,,"2/8/60 15:49","507-14-0294",,,307600,"FL",,,"pacisland","hispanic","F",,,,,,,,"N","N","7/7/17 2:56","11/8/17 8:56","SAFE HAVEN SHELTER","EMERGENCY SHELTER","RHSP",8,91149,1,"12/5/17","CLIENT DOESNT NOW","90 DAYS OR MORE, BUT LESS THAN ONE YEAR","6/24/14 17:57","THREE TIMES",32,"7/7/17 2:56","11/8/17 8:56","LOCATION","HOMELESS ALLIANCE OF DOVE COUNTY","20:44.4","20:44.4"
87,839582,839582,48241371,,,"Jodi",,"Hodge",,,"9/29/95 18:49","684-98-0208",,,232559,"FL",,,"amindian","hispanic","F",,,,,,,,"N","N","6/9/17 6:26","7/27/17 15:42","SAFE HAVEN SHELTER","EMERGENCY SHELTER","RHSP",8,86763,1,"12/4/17","CLIENT DOESNT NOW","90 DAYS OR MORE, BUT LESS THAN ONE YEAR","12/4/15 21:46","THREE TIMES",32,"6/9/17 6:26","7/27/17 15:42","LOCATION","HOMELESS ALLIANCE OF DOVE COUNTY","20:44.4","20:44.4"
88,5593013,5593013,97063591,,,"James",,"Young",,,"8/1/98 2:18","271-94-2400",,,767931,"FL",,,"pacisland","hispanic","F",,,,,,,,"N","N","1/2/17 19:01","3/14/17 9:01","SAFE HAVEN SHELTER","EMERGENCY SHELTER","RHSP",8,65340,1,"12/4/17","CLIENT DOESNT NOW","90 DAYS OR MORE, BUT LESS THAN ONE YEAR","4/25/14 1:32","THREE TIMES",32,"1/2/17 19:01","3/14/17 9:01","LOCATION","HOMELESS ALLIANCE OF DOVE COUNTY","20:44.4","20:44.4"
89,7561546,7561546,85729550,,,"Haley",,"Lester",,,"6/5/64 6:57","200-12-2222",,,225014,"FL",,,"amindian","hispanic","F",,,,,,,,"Y","N","2/21/17 3:03","3/5/17 10:51","SAFE HAVEN SHELTER","EMERGENCY SHELTER","RHSP",8,82326,1,"12/2/17","CLIENT DOESNT NOW","90 DAYS OR MORE, BUT LESS THAN ONE YEAR","11/13/14 3:19","THREE TIMES",32,"2/21/17 3:03","3/5/17 10:51","LOCATION","HOMELESS ALLIANCE OF DOVE COUNTY","20:44.4","20:44.4"
90,9357619,9357619,83075208,,,"Derek",,"Rose",,,"5/7/60 7:43","486-05-0424",,,525755,"FL",,,"other","nonhispanic","F",,,,,,,,"N","N","7/9/17 14:25","7/10/17 14:25","SAFE HAVEN SHELTER","EMERGENCY SHELTER","RHSP",8,89602,1,"12/1/17","CLIENT DOESNT NOW","90 DAYS OR MORE, BUT LESS THAN ONE YEAR","1/12/14 12:44","THREE TIMES",32,"7/9/17 14:25","7/10/17 14:25","LOCATION","HOMELESS ALLIANCE OF DOVE COUNTY","20:44.4","20:44.4"
91,2510007,2510007,90623778,,,"Deborah",,"Moore",,,"2/26/67 20:58","765-05-8933",,,19005,"FL",,,"white","hispanic","F",,,,,,,,"N","N","12/9/16 7:47","1/20/17 10:03","SAFE HAVEN SHELTER","EMERGENCY SHELTER","RHSP",8,83028,1,"12/2/17","CLIENT DOESNT NOW","90 DAYS OR MORE, BUT LESS THAN ONE YEAR","12/18/13 1:04","THREE TIMES",32,"12/9/16 7:47","1/20/17 10:03","LOCATION","HOMELESS ALLIANCE OF DOVE COUNTY","20:44.4","20:44.4"
92,9843524,9843524,45905381,,,"Christine",,"Moses",,,"1/18/76 6:28","664-08-1671",,,122244,"FL",,,"white","nonhispanic","F",,,,,,,,"N","N","9/8/17 12:04","10/24/17 16:32","SAFE HAVEN SHELTER","EMERGENCY SHELTER","RHSP",8,29494,1,"12/5/17","CLIENT DOESNT NOW","90 DAYS OR MORE, BUT LESS THAN ONE YEAR","7/5/14 21:27","THREE TIMES",32,"9/8/17 12:04","10/24/17 16:32","LOCATION","HOMELESS ALLIANCE OF DOVE COUNTY","20:44.4","20:44.4"
93,5370561,5370561,94198668,,,"Charles",,"Drake",,,"1/25/92 13:21","503-10-8569",,,65127,"FL",,,"other","hispanic","F",,,,,,,,"N","N","12/20/16 13:43","2/1/17 23:25","SAFE HAVEN SHELTER","EMERGENCY SHELTER","RHSP",8,90691,1,"12/4/17","CLIENT DOESNT NOW","90 DAYS OR MORE, BUT LESS THAN ONE YEAR","1/27/14 14:46","THREE TIMES",32,"12/20/16 13:43","2/1/17 23:25","LOCATION","HOMELESS ALLIANCE OF DOVE COUNTY","20:44.4","20:44.4"
94,4148477,4148477,40966184,,,"Carlos",,"Watson",,,"1/20/63 20:51","375-13-1167",,,275361,"FL",,,"amindian","hispanic","F",,,,,,,,"N","N","12/30/16 4:01","1/29/17 2:21","SAFE HAVEN SHELTER","EMERGENCY SHELTER","RHSP",8,64675,1,"12/3/17","CLIENT DOESNT NOW","90 DAYS OR MORE, BUT LESS THAN ONE YEAR","6/29/14 23:50","THREE TIMES",32,"12/30/16 4:01","1/29/17 2:21","LOCATION","HOMELESS ALLIANCE OF DOVE COUNTY","20:44.4","20:44.4"
95,6210610,6210610,61068914,,,"Breanna",,"Nicholson",,,"4/29/75 12:32","113-12-0029",,,520320,"FL",,,"pacisland","nonhispanic","F",,,,,,,,"Y","N","8/25/17 3:58","9/18/17 22:55","SAFE HAVEN SHELTER","EMERGENCY SHELTER","RHSP",8,45802,1,"12/1/17","CLIENT DOESNT NOW","90 DAYS OR MORE, BUT LESS THAN ONE YEAR","7/16/15 7:10","THREE TIMES",32,"8/25/17 3:58","9/18/17 22:55","LOCATION","HOMELESS ALLIANCE OF DOVE COUNTY","20:44.3","20:44.3"
96,9854378,9854378,86347250,,,"Barbara",,"Boone",,,"10/17/76 3:09","434-85-6093",,,380663,"FL",,,"asian","hispanic","F",,,,,,,,"N","N","7/3/17 9:20","7/3/17 11:19","SAFE HAVEN SHELTER","EMERGENCY SHELTER","RHSP",8,5959,1,"12/6/17","CLIENT DOESNT NOW","90 DAYS OR MORE, BUT LESS THAN ONE YEAR","5/11/14 15:17","THREE TIMES",32,"7/3/17 9:20","7/3/17 11:19","LOCATION","HOMELESS ALLIANCE OF DOVE COUNTY","20:44.3","20:44.3"
97,6502462,6502462,67399924,,,"Anthony",,"Lawson",,,"11/6/44 19:48","494-17-7979",,,51359,"FL",,,"black","nonhispanic","F",,,,,,,,"N","Y","5/25/17 2:25","6/14/17 23:16","SAFE HAVEN SHELTER","EMERGENCY SHELTER","RHSP",8,60822,1,"12/7/17","CLIENT DOESNT NOW","90 DAYS OR MORE, BUT LESS THAN ONE YEAR","9/5/15 15:33","THREE TIMES",32,"5/25/17 2:25","6/14/17 23:16","LOCATION","HOMELESS ALLIANCE OF DOVE COUNTY","20:44.4","20:44.4"
98,8079491,8079491,3495860,,,"Anthony",,"Lawson",,,"11/6/44 19:48","494-17-7979",,,619661,"FL",,,"amindian","nonhispanic","F",,,,,,,,"Y","Y","6/29/17 11:19","6/29/17 11:19","SAFE HAVEN SHELTER","EMERGENCY SHELTER","RHSP",8,70769,1,"12/4/17","CLIENT DOESNT NOW","90 DAYS OR MORE, BUT LESS THAN ONE YEAR","4/25/15 0:03","THREE TIMES",32,"6/29/17 11:19","6/29/17 11:19","LOCATION","HOMELESS ALLIANCE OF DOVE COUNTY","20:44.3","20:44.3"
99,2681914,2681914,76020945,,,"Alexis",,"Johnson",,,"7/14/69 1:11","848-76-4894",,,853042,"FL",,,"amindian","hispanic","F",,,,,,,,"N","N","1/19/17 8:13","3/21/17 17:08","SAFE HAVEN SHELTER","EMERGENCY SHELTER","RHSP",8,93970,1,"12/3/17","CLIENT DOESNT NOW","90 DAYS OR MORE, BUT LESS THAN ONE YEAR","1/22/15 23:43","THREE TIMES",32,"1/19/17 8:13","3/21/17 17:08","LOCATION","HOMELESS ALLIANCE OF DOVE COUNTY","20:44.4","20:44.4"
