internal_person_id|internal_event_id|full_name|prefix|first_name|middle_name|last_name|suffix|name_data_quality|dob|ssn|ssn_hash|ssn_bigrams|dmv_number|dmv_state|additional_id_number|additional_id_name|race|ethnicity|sex|street_address|city|state|postal_code|county|country|address_data_quality|veteran_status|disabling_condition|project_start_date|project_exit_date|program_name|program_type|federal_program|destination|household_id|household_relationship|move_in_date|living_situation_type|living_situation_length|living_situation_start_date|times_on_street|months_homeless|client_location_start_date|client_location_end_date|client_location|source_name|created_date|updated_date
6880485|52615768|||Julie||Campbell|||1987-12-26|054707306|||263443|FL|||R|NOT HISPANIC|F||||||||DATA NOT COLLECTED|DATA NOT COLLECTED|2017-10-03|2018-01-19|SAFE HAVEN SHELTER|EMERGENCY SHELTER|RHSP|DATA NOT COLLECTED|82721|SELF|2018-04-08|OTHER|91 DAYS OR MORE, BUT LESS THAN ONE YEAR|2014-07-04|FIVE TIMES|10|2017-04-16|2018-03-05|LOCATION|HOMELESS ALLIANCE OF DOVE COUNTY|2018-04-13 16:38:03.101589|2018-04-13 16:38:03.101592
7430409|90164500|||Tony||Bowers|||1993-01-11|300882522|||647639|FL|||W|NOT HISPANIC|F||||||||CLIENT REFUSED|NO|2017-11-18|2018-02-20|SAFE HAVEN SHELTER|EMERGENCY SHELTER|RHSP|DATA NOT COLLECTED|89071|SELF|2018-04-06|OTHER|91 DAYS OR MORE, BUT LESS THAN ONE YEAR|2015-08-26|FIVE TIMES|10|2017-04-19|2018-02-28|LOCATION|HOMELESS ALLIANCE OF DOVE COUNTY|2018-04-13 16:38:03.084780|2018-04-13 16:38:03.084784
867713|87667824|||John||Lowe|||1955-12-28|741832301|||242464|FL|||O|NOT HISPANIC|F||||||||YES|CLIENT DOESN'T KNOW|2017-11-04|2018-03-31|SAFE HAVEN SHELTER|EMERGENCY SHELTER|RHSP|DATA NOT COLLECTED|68953|SELF|2018-04-09|OTHER|91 DAYS OR MORE, BUT LESS THAN ONE YEAR|2015-04-29|FIVE TIMES|10|2017-04-25|2018-02-23|LOCATION|HOMELESS ALLIANCE OF DOVE COUNTY|2018-04-13 16:38:03.057598|2018-04-13 16:38:03.057601
589415|77612255|||Brandon||Robinson|||1949-12-16|676650578|||818776|FL|||R|HISPANIC|F||||||||YES|CLIENT DOESN'T KNOW|2017-05-11|2018-02-28|SAFE HAVEN SHELTER|EMERGENCY SHELTER|RHSP|DATA NOT COLLECTED|25931|SELF|2018-04-11|OTHER|91 DAYS OR MORE, BUT LESS THAN ONE YEAR|2014-09-21|FIVE TIMES|10|2017-04-28|2018-04-07|LOCATION|HOMELESS ALLIANCE OF DOVE COUNTY|2018-04-13 16:38:03.120462|2018-04-13 16:38:03.120465
5275375|45808869|||Carolyn||Baker|||1971-04-10|604988620|||688186|FL|||H|HISPANIC|F||||||||YES|NO|2017-05-04|2018-02-03|SAFE HAVEN SHELTER|EMERGENCY SHELTER|RHSP|DATA NOT COLLECTED|51462|SELF|2018-04-11|OTHER|91 DAYS OR MORE, BUT LESS THAN ONE YEAR|2014-12-25|FIVE TIMES|10|2017-04-29|2018-04-08|LOCATION|HOMELESS ALLIANCE OF DOVE COUNTY|2018-04-13 16:38:03.096941|2018-04-13 16:38:03.096944
1560051|3295988|||Angel||Lynn|||1979-09-22|353806028|||966223|FL|||P|NOT HISPANIC|F||||||||CLIENT DOESN'T KNOW|YES|2017-05-03|2018-04-10|SAFE HAVEN SHELTER|EMERGENCY SHELTER|RHSP|DATA NOT COLLECTED|45465|SELF|2018-04-01|OTHER|91 DAYS OR MORE, BUT LESS THAN ONE YEAR|2016-02-27|FIVE TIMES|10|2017-05-02|2018-02-21|LOCATION|HOMELESS ALLIANCE OF DOVE COUNTY|2018-04-13 16:38:03.063252|2018-04-13 16:38:03.063255
1505145|97814395|||Amber||Frank|||1988-03-13|474706245|||32746|FL|||N|HISPANIC|F||||||||CLIENT DOESN'T KNOW|CLIENT DOESN'T KNOW|2017-11-29|2018-02-18|SAFE HAVEN SHELTER|EMERGENCY SHELTER|RHSP|DATA NOT COLLECTED|56041|SELF|2018-04-11|OTHER|91 DAYS OR MORE, BUT LESS THAN ONE YEAR|2015-02-22|FIVE TIMES|10|2017-05-02|2018-01-28|LOCATION|HOMELESS ALLIANCE OF DOVE COUNTY|2018-04-13 16:38:03.085735|2018-04-13 16:38:03.085738
3956404|22195278|||Brittany||Gentry|||2000-02-27|304582490|||824554|FL|||H|HISPANIC|F||||||||NO|YES|2017-09-26|2018-03-05|SAFE HAVEN SHELTER|EMERGENCY SHELTER|RHSP|DATA NOT COLLECTED|53757|SELF|2018-04-01|OTHER|91 DAYS OR MORE, BUT LESS THAN ONE YEAR|2014-12-22|FIVE TIMES|10|2017-05-16|2017-10-05|LOCATION|HOMELESS ALLIANCE OF DOVE COUNTY|2018-04-13 16:38:03.075397|2018-04-13 16:38:03.075401
8914952|65484377|||Mark||Quinn|||1976-09-05|437594861|||373268|FL|||R|NOT HISPANIC|F||||||||DATA NOT COLLECTED|CLIENT REFUSED|2017-05-08|2018-02-28|SAFE HAVEN SHELTER|EMERGENCY SHELTER|RHSP|DATA NOT COLLECTED|50942|SELF|2018-04-03|OTHER|91 DAYS OR MORE, BUT LESS THAN ONE YEAR|2015-11-15|FIVE TIMES|10|2017-05-16|2018-04-07|LOCATION|HOMELESS ALLIANCE OF DOVE COUNTY|2018-04-13 16:38:03.079122|2018-04-13 16:38:03.079125
5239365|97786076|||William||Meyers|||1979-11-28|261494262|||674391|FL|||N|NOT HISPANIC|F||||||||DATA NOT COLLECTED|YES|2017-08-22|2018-01-15|SAFE HAVEN SHELTER|EMERGENCY SHELTER|RHSP|DATA NOT COLLECTED|645|SELF|2018-04-11|OTHER|91 DAYS OR MORE, BUT LESS THAN ONE YEAR|2014-05-02|FIVE TIMES|10|2017-05-18|2017-10-13|LOCATION|HOMELESS ALLIANCE OF DOVE COUNTY|2018-04-13 16:38:03.104408|2018-04-13 16:38:03.104411
9625156|91542435|||Michelle||Irwin|||1988-01-29|212890662|||984013|FL|||H|HISPANIC|F||||||||NO|YES|2017-08-04|2018-03-14|SAFE HAVEN SHELTER|EMERGENCY SHELTER|RHSP|DATA NOT COLLECTED|5289|SELF|2018-04-03|OTHER|91 DAYS OR MORE, BUT LESS THAN ONE YEAR|2016-03-28|FIVE TIMES|10|2017-05-18|2018-03-29|LOCATION|HOMELESS ALLIANCE OF DOVE COUNTY|2018-04-13 16:38:03.105350|2018-04-13 16:38:03.105353
9760436|2485432|||Thomas||Maynard|||1990-08-25|054271210|||15755|FL|||O|HISPANIC|F||||||||YES|YES|2017-09-14|2018-02-10|SAFE HAVEN SHELTER|EMERGENCY SHELTER|RHSP|DATA NOT COLLECTED|54300|SELF|2018-04-09|OTHER|91 DAYS OR MORE, BUT LESS THAN ONE YEAR|2015-09-09|FIVE TIMES|10|2017-05-18|2018-03-24|LOCATION|HOMELESS ALLIANCE OF DOVE COUNTY|2018-04-13 16:38:03.108200|2018-04-13 16:38:03.108203
4710159|72937644|||Carrie||Weeks|||1986-12-07|730905739|||569284|FL|||H|NOT HISPANIC|F||||||||CLIENT REFUSED|DATA NOT COLLECTED|2017-12-17|2018-02-20|SAFE HAVEN SHELTER|EMERGENCY SHELTER|RHSP|DATA NOT COLLECTED|38677|SELF|2018-04-06|OTHER|91 DAYS OR MORE, BUT LESS THAN ONE YEAR|2014-09-07|FIVE TIMES|10|2017-05-22|2018-01-29|LOCATION|HOMELESS ALLIANCE OF DOVE COUNTY|2018-04-13 16:38:03.065146|2018-04-13 16:38:03.065150
3518112|56184792|||Troy||Schmitt|||1967-11-22|188630801|||401842|FL|||A|HISPANIC|F||||||||DATA NOT COLLECTED|NO|2017-11-19|2018-04-02|SAFE HAVEN SHELTER|EMERGENCY SHELTER|RHSP|DATA NOT COLLECTED|49529|SELF|2018-04-08|OTHER|91 DAYS OR MORE, BUT LESS THAN ONE YEAR|2016-01-03|FIVE TIMES|10|2017-05-30|2018-03-02|LOCATION|HOMELESS ALLIANCE OF DOVE COUNTY|2018-04-13 16:38:03.096002|2018-04-13 16:38:03.096005
837189|17523742|||Elizabeth||Rodriguez|||1975-08-08|305518216|||51235|FL|||I|NOT HISPANIC|F||||||||CLIENT REFUSED|YES|2017-09-09|2018-01-24|SAFE HAVEN SHELTER|EMERGENCY SHELTER|RHSP|DATA NOT COLLECTED|51769|SELF|2018-04-05|OTHER|91 DAYS OR MORE, BUT LESS THAN ONE YEAR|2014-05-17|FIVE TIMES|10|2017-06-04|2017-09-28|LOCATION|HOMELESS ALLIANCE OF DOVE COUNTY|2018-04-13 16:38:03.100664|2018-04-13 16:38:03.100667
9036643|71255610|||Ann||Beasley|||1981-05-22|552380732|||262774|FL|||I|HISPANIC|F||||||||CLIENT DOESN'T KNOW|CLIENT REFUSED|2018-01-05|2018-02-24|SAFE HAVEN SHELTER|EMERGENCY SHELTER|RHSP|DATA NOT COLLECTED|32704|SELF|2018-04-01|OTHER|91 DAYS OR MORE, BUT LESS THAN ONE YEAR|2014-07-08|FIVE TIMES|10|2017-06-10|2018-04-04|LOCATION|HOMELESS ALLIANCE OF DOVE COUNTY|2018-04-13 16:38:03.066066|2018-04-13 16:38:03.066070
4887409|99788359|||Kevin||Christensen|||1960-07-24|006314125|||36825|FL|||D|HISPANIC|F||||||||DATA NOT COLLECTED|CLIENT DOESN'T KNOW|2017-10-14|2018-03-05|SAFE HAVEN SHELTER|EMERGENCY SHELTER|RHSP|DATA NOT COLLECTED|23263|SELF|2018-04-04|OTHER|91 DAYS OR MORE, BUT LESS THAN ONE YEAR|2015-05-20|FIVE TIMES|10|2017-06-11|2018-03-30|LOCATION|HOMELESS ALLIANCE OF DOVE COUNTY|2018-04-13 16:38:03.060437|2018-04-13 16:38:03.060441
2179144|15112958|||Erika||Byrd|||1997-03-17|693374163|||383302|FL|||D|HISPANIC|F||||||||NO|NO|2017-11-20|2018-02-13|SAFE HAVEN SHELTER|EMERGENCY SHELTER|RHSP|DATA NOT COLLECTED|15282|SELF|2018-04-09|OTHER|91 DAYS OR MORE, BUT LESS THAN ONE YEAR|2015-11-25|FIVE TIMES|10|2017-06-11|2017-07-01|LOCATION|HOMELESS ALLIANCE OF DOVE COUNTY|2018-04-13 16:38:03.064201|2018-04-13 16:38:03.064204
9981827|23399203|||Christina||Adkins|||1945-05-26|463435693|||335837|FL|||D|HISPANIC|F||||||||DATA NOT COLLECTED|YES|2017-09-18|2018-03-05|SAFE HAVEN SHELTER|EMERGENCY SHELTER|RHSP|DATA NOT COLLECTED|99956|SELF|2018-04-06|OTHER|91 DAYS OR MORE, BUT LESS THAN ONE YEAR|2014-04-18|FIVE TIMES|10|2017-06-11|2017-10-27|LOCATION|HOMELESS ALLIANCE OF DOVE COUNTY|2018-04-13 16:38:03.073503|2018-04-13 16:38:03.073506
4744533|66422977|||Karen||Woods|||1945-06-08|411767807|||854031|FL|||R|NOT HISPANIC|F||||||||NO|CLIENT REFUSED|2017-08-07|2018-02-13|SAFE HAVEN SHELTER|EMERGENCY SHELTER|RHSP|DATA NOT COLLECTED|17360|SELF|2018-04-10|OTHER|91 DAYS OR MORE, BUT LESS THAN ONE YEAR|2015-02-17|FIVE TIMES|10|2017-06-15|2017-08-02|LOCATION|HOMELESS ALLIANCE OF DOVE COUNTY|2018-04-13 16:38:03.050145|2018-04-13 16:38:03.050148
3601560|17637467|||Michelle||Brown|||1993-03-08|239575059|||66822|FL|||P|NOT HISPANIC|F||||||||CLIENT REFUSED|DATA NOT COLLECTED|2017-12-15|2018-04-05|SAFE HAVEN SHELTER|EMERGENCY SHELTER|RHSP|DATA NOT COLLECTED|60667|SELF|2018-04-05|OTHER|91 DAYS OR MORE, BUT LESS THAN ONE YEAR|2016-02-22|FIVE TIMES|10|2017-06-19|2018-03-21|LOCATION|HOMELESS ALLIANCE OF DOVE COUNTY|2018-04-13 16:38:03.074450|2018-04-13 16:38:03.074453
6991428|22591777|||Zachary||Rivas|||1988-10-21|642607379|||635485|FL|||A|NOT HISPANIC|F||||||||CLIENT DOESN'T KNOW|CLIENT REFUSED|2017-07-02|2018-02-03|SAFE HAVEN SHELTER|EMERGENCY SHELTER|RHSP|DATA NOT COLLECTED|24097|SELF|2018-04-12|OTHER|91 DAYS OR MORE, BUT LESS THAN ONE YEAR|2014-09-16|FIVE TIMES|10|2017-06-19|2018-02-02|LOCATION|HOMELESS ALLIANCE OF DOVE COUNTY|2018-04-13 16:38:03.089425|2018-04-13 16:38:03.089428
3434062|65064444|||Alejandra||Tyler|||1972-02-10|420183456|||842807|FL|||P|HISPANIC|F||||||||DATA NOT COLLECTED|DATA NOT COLLECTED|2017-09-14|2018-02-06|SAFE HAVEN SHELTER|EMERGENCY SHELTER|RHSP|DATA NOT COLLECTED|45878|SELF|2018-04-05|OTHER|91 DAYS OR MORE, BUT LESS THAN ONE YEAR|2015-07-14|FIVE TIMES|10|2017-06-20|2018-02-23|LOCATION|HOMELESS ALLIANCE OF DOVE COUNTY|2018-04-13 16:38:03.080076|2018-04-13 16:38:03.080080
2207733|89513742|||Jennifer||Hatfield|||1958-04-12|075986885|||565118|FL|||O|HISPANIC|F||||||||YES|CLIENT REFUSED|2017-10-27|2018-03-06|SAFE HAVEN SHELTER|EMERGENCY SHELTER|RHSP|DATA NOT COLLECTED|16309|SELF|2018-04-09|OTHER|91 DAYS OR MORE, BUT LESS THAN ONE YEAR|2015-12-18|FIVE TIMES|10|2017-06-22|2018-01-17|LOCATION|HOMELESS ALLIANCE OF DOVE COUNTY|2018-04-13 16:38:03.033361|2018-04-13 16:38:03.033364
2641744|53290030|||Kristen||Richardson|||1975-08-13|457852555|||115817|FL|||B|NOT HISPANIC|F||||||||NO|CLIENT REFUSED|2017-11-09|2018-04-04|SAFE HAVEN SHELTER|EMERGENCY SHELTER|RHSP|DATA NOT COLLECTED|10474|SELF|2018-04-09|OTHER|91 DAYS OR MORE, BUT LESS THAN ONE YEAR|2015-06-13|FIVE TIMES|10|2017-06-27|2018-03-24|LOCATION|HOMELESS ALLIANCE OF DOVE COUNTY|2018-04-13 16:38:03.034282|2018-04-13 16:38:03.034286
659362|86134941|||Lisa||Davis|||1969-08-03|886115032|||529453|FL|||I|NOT HISPANIC|F||||||||CLIENT DOESN'T KNOW|DATA NOT COLLECTED|2017-10-07|2018-03-28|SAFE HAVEN SHELTER|EMERGENCY SHELTER|RHSP|DATA NOT COLLECTED|49468|SELF|2018-04-08|OTHER|91 DAYS OR MORE, BUT LESS THAN ONE YEAR|2014-08-20|FIVE TIMES|10|2017-06-27|2017-09-01|LOCATION|HOMELESS ALLIANCE OF DOVE COUNTY|2018-04-13 16:38:03.038038|2018-04-13 16:38:03.038042
5054585|60308940|||Brandon||Fisher|||1949-10-05|231330444|||160025|FL|||B|NOT HISPANIC|F||||||||CLIENT REFUSED|CLIENT REFUSED|2017-06-02|2018-03-21|SAFE HAVEN SHELTER|EMERGENCY SHELTER|RHSP|DATA NOT COLLECTED|31030|SELF|2018-04-07|OTHER|91 DAYS OR MORE, BUT LESS THAN ONE YEAR|2015-04-17|FIVE TIMES|10|2017-07-01|2018-04-03|LOCATION|HOMELESS ALLIANCE OF DOVE COUNTY|2018-04-13 16:38:03.054803|2018-04-13 16:38:03.054806
7144005|70583796|||Justin||Patton|||1943-08-29|029765074|||225480|FL|||D|HISPANIC|F||||||||DATA NOT COLLECTED|CLIENT DOESN'T KNOW|2018-01-12|2018-02-18|SAFE HAVEN SHELTER|EMERGENCY SHELTER|RHSP|DATA NOT COLLECTED|90205|SELF|2018-04-11|OTHER|91 DAYS OR MORE, BUT LESS THAN ONE YEAR|2014-12-13|FIVE TIMES|10|2017-07-02|2017-10-27|LOCATION|HOMELESS ALLIANCE OF DOVE COUNTY|2018-04-13 16:38:03.030540|2018-04-13 16:38:03.030544
4654020|66153380|||Madison||Tate|||1950-02-06|605657428|||699246|FL|||N|NOT HISPANIC|F||||||||NO|YES|2017-05-14|2018-04-01|SAFE HAVEN SHELTER|EMERGENCY SHELTER|RHSP|DATA NOT COLLECTED|50608|SELF|2018-04-05|OTHER|91 DAYS OR MORE, BUT LESS THAN ONE YEAR|2014-08-31|FIVE TIMES|10|2017-07-05|2018-02-27|LOCATION|HOMELESS ALLIANCE OF DOVE COUNTY|2018-04-13 16:38:03.102535|2018-04-13 16:38:03.102538
7406778|24507074|||Cathy||Cole|||1986-07-23|605966519|||604094|FL|||R|HISPANIC|F||||||||NO|CLIENT DOESN'T KNOW|2017-05-24|2018-02-19|SAFE HAVEN SHELTER|EMERGENCY SHELTER|RHSP|DATA NOT COLLECTED|84519|SELF|2018-04-12|OTHER|91 DAYS OR MORE, BUT LESS THAN ONE YEAR|2014-10-26|FIVE TIMES|10|2017-07-08|2017-08-06|LOCATION|HOMELESS ALLIANCE OF DOVE COUNTY|2018-04-13 16:38:03.109121|2018-04-13 16:38:03.109123
9924523|2469596|||Paul||Thompson|||1986-06-23|779834194|||519099|FL|||N|HISPANIC|F||||||||DATA NOT COLLECTED|NO|2017-09-03|2018-04-12|SAFE HAVEN SHELTER|EMERGENCY SHELTER|RHSP|DATA NOT COLLECTED|2486|SELF|2018-04-10|OTHER|91 DAYS OR MORE, BUT LESS THAN ONE YEAR|2015-10-24|FIVE TIMES|10|2017-07-09|2018-03-23|LOCATION|HOMELESS ALLIANCE OF DOVE COUNTY|2018-04-13 16:38:03.118404|2018-04-13 16:38:03.118407
1106465|77549973|||Karen||Sanchez|||1997-05-05|823727301|||683242|FL|||A|HISPANIC|F||||||||YES|CLIENT REFUSED|2017-07-03|2018-04-05|SAFE HAVEN SHELTER|EMERGENCY SHELTER|RHSP|DATA NOT COLLECTED|44916|SELF|2018-04-04|OTHER|91 DAYS OR MORE, BUT LESS THAN ONE YEAR|2014-09-05|FIVE TIMES|10|2017-07-11|2017-07-11|LOCATION|HOMELESS ALLIANCE OF DOVE COUNTY|2018-04-13 16:38:03.055718|2018-04-13 16:38:03.055721
4329451|20836267|||Karen||Sanchez|||1997-05-05|823727301|||302461|FL|||P|NOT HISPANIC|F||||||||CLIENT DOESN'T KNOW|CLIENT REFUSED|2017-11-14|2018-04-02|SAFE HAVEN SHELTER|EMERGENCY SHELTER|RHSP|DATA NOT COLLECTED|1018|SELF|2018-04-12|OTHER|91 DAYS OR MORE, BUT LESS THAN ONE YEAR|2016-01-21|FIVE TIMES|10|2017-07-12|2018-04-03|LOCATION|HOMELESS ALLIANCE OF DOVE COUNTY|2018-04-13 16:38:03.117493|2018-04-13 16:38:03.117496
6059401|49044571|||Jacob||Johnson|||1953-07-17|736666091|||83846|FL|||I|HISPANIC|F||||||||NO|NO|2017-08-08|2018-02-07|SAFE HAVEN SHELTER|EMERGENCY SHELTER|RHSP|DATA NOT COLLECTED|75126|SELF|2018-04-01|OTHER|91 DAYS OR MORE, BUT LESS THAN ONE YEAR|2015-03-29|FIVE TIMES|10|2017-07-13|2018-03-08|LOCATION|HOMELESS ALLIANCE OF DOVE COUNTY|2018-04-13 16:38:03.039896|2018-04-13 16:38:03.039899
7340007|54796951|||Brian||Hall|||1954-02-21|491088711|||916761|FL|||D|NOT HISPANIC|F||||||||CLIENT DOESN'T KNOW|CLIENT REFUSED|2017-09-02|2018-03-24|SAFE HAVEN SHELTER|EMERGENCY SHELTER|RHSP|DATA NOT COLLECTED|59133|SELF|2018-04-03|OTHER|91 DAYS OR MORE, BUT LESS THAN ONE YEAR|2014-05-20|FIVE TIMES|10|2017-07-16|2018-02-02|LOCATION|HOMELESS ALLIANCE OF DOVE COUNTY|2018-04-13 16:38:03.032424|2018-04-13 16:38:03.032427
229186|42370477|||Jeffrey||Munoz|||1973-12-26|720947740|||149584|FL|||R|HISPANIC|F||||||||CLIENT REFUSED|CLIENT REFUSED|2017-10-23|2018-02-23|SAFE HAVEN SHELTER|EMERGENCY SHELTER|RHSP|DATA NOT COLLECTED|53745|SELF|2018-04-06|OTHER|91 DAYS OR MORE, BUT LESS THAN ONE YEAR|2016-02-02|FIVE TIMES|10|2017-07-18|2018-01-22|LOCATION|HOMELESS ALLIANCE OF DOVE COUNTY|2018-04-13 16:38:03.081934|2018-04-13 16:38:03.081938
8991143|45084721|||Amy||Moore|||1948-05-15|289434492|||885242|FL|||W|NOT HISPANIC|F||||||||YES|CLIENT DOESN'T KNOW|2017-09-24|2018-04-06|SAFE HAVEN SHELTER|EMERGENCY SHELTER|RHSP|DATA NOT COLLECTED|88127|SELF|2018-04-12|OTHER|91 DAYS OR MORE, BUT LESS THAN ONE YEAR|2016-03-12|FIVE TIMES|10|2017-07-18|2018-01-26|LOCATION|HOMELESS ALLIANCE OF DOVE COUNTY|2018-04-13 16:38:03.112833|2018-04-13 16:38:03.112836
760090|58465201|||Diane||Ellis|||1949-08-08|726280012|||641576|FL|||N|HISPANIC|F||||||||DATA NOT COLLECTED|CLIENT DOESN'T KNOW|2017-11-01|2018-03-20|SAFE HAVEN SHELTER|EMERGENCY SHELTER|RHSP|DATA NOT COLLECTED|21734|SELF|2018-04-09|OTHER|91 DAYS OR MORE, BUT LESS THAN ONE YEAR|2014-08-21|FIVE TIMES|10|2017-07-21|2018-03-29|LOCATION|HOMELESS ALLIANCE OF DOVE COUNTY|2018-04-13 16:38:03.068860|2018-04-13 16:38:03.068863
8682623|23521504|||Angela||Thornton|||1983-10-17|198462974|||967737|FL|||D|HISPANIC|F||||||||YES|NO|2017-10-28|2018-01-28|SAFE HAVEN SHELTER|EMERGENCY SHELTER|RHSP|DATA NOT COLLECTED|54480|SELF|2018-04-03|OTHER|91 DAYS OR MORE, BUT LESS THAN ONE YEAR|2015-06-01|FIVE TIMES|10|2017-07-22|2018-02-07|LOCATION|HOMELESS ALLIANCE OF DOVE COUNTY|2018-04-13 16:38:03.052934|2018-04-13 16:38:03.052937
4009708|11927143|||Andrea||Stewart|||1964-01-12|891032433|||53225|FL|||N|NOT HISPANIC|F||||||||DATA NOT COLLECTED|DATA NOT COLLECTED|2017-10-20|2018-01-22|SAFE HAVEN SHELTER|EMERGENCY SHELTER|RHSP|DATA NOT COLLECTED|78658|SELF|2018-04-04|OTHER|91 DAYS OR MORE, BUT LESS THAN ONE YEAR|2014-06-25|FIVE TIMES|10|2017-07-26|2018-03-09|LOCATION|HOMELESS ALLIANCE OF DOVE COUNTY|2018-04-13 16:38:03.114738|2018-04-13 16:38:03.114742
5246666|80251024|||Brittany||Gentry|||2000-02-27|304582490|||753087|FL|||P|NOT HISPANIC|F||||||||DATA NOT COLLECTED|CLIENT DOESN'T KNOW|2017-11-07|2018-02-15|SAFE HAVEN SHELTER|EMERGENCY SHELTER|RHSP|DATA NOT COLLECTED|62518|SELF|2018-04-05|OTHER|91 DAYS OR MORE, BUT LESS THAN ONE YEAR|2015-04-04|FIVE TIMES|10|2017-07-29|2017-09-07|LOCATION|HOMELESS ALLIANCE OF DOVE COUNTY|2018-04-13 16:38:03.099751|2018-04-13 16:38:03.099754
4613696|72149760|||Eddie||Huang|||1993-05-26|861528160|||261|FL|||P|HISPANIC|F||||||||DATA NOT COLLECTED|YES|2017-11-24|2018-02-01|SAFE HAVEN SHELTER|EMERGENCY SHELTER|RHSP|DATA NOT COLLECTED|44701|SELF|2018-04-03|OTHER|91 DAYS OR MORE, BUT LESS THAN ONE YEAR|2016-03-27|FIVE TIMES|10|2017-08-02|2018-02-08|LOCATION|HOMELESS ALLIANCE OF DOVE COUNTY|2018-04-13 16:38:03.111916|2018-04-13 16:38:03.111919
8377288|18486064|||Deborah||Mcmahon|||1970-02-15|854841862|||187107|FL|||P|HISPANIC|F||||||||YES|CLIENT REFUSED|2017-06-12|2018-01-23|SAFE HAVEN SHELTER|EMERGENCY SHELTER|RHSP|DATA NOT COLLECTED|49853|SELF|2018-04-01|OTHER|91 DAYS OR MORE, BUT LESS THAN ONE YEAR|2015-05-29|FIVE TIMES|10|2017-08-04|2018-04-03|LOCATION|HOMELESS ALLIANCE OF DOVE COUNTY|2018-04-13 16:38:03.040857|2018-04-13 16:38:03.040860
3957835|37064154|||Juan||Jackson|||1952-06-10|870260808|||511114|FL|||H|NOT HISPANIC|F||||||||CLIENT DOESN'T KNOW|NO|2018-01-07|2018-03-05|SAFE HAVEN SHELTER|EMERGENCY SHELTER|RHSP|DATA NOT COLLECTED|93228|SELF|2018-04-10|OTHER|91 DAYS OR MORE, BUT LESS THAN ONE YEAR|2014-12-09|FIVE TIMES|10|2017-08-05|2017-09-13|LOCATION|HOMELESS ALLIANCE OF DOVE COUNTY|2018-04-13 16:38:03.080995|2018-04-13 16:38:03.080999
6092494|61143772|||Amy||Jones|||1996-07-24|686560993|||997817|FL|||R|HISPANIC|F||||||||CLIENT REFUSED|YES|2017-06-25|2018-02-05|SAFE HAVEN SHELTER|EMERGENCY SHELTER|RHSP|DATA NOT COLLECTED|82679|SELF|2018-04-05|OTHER|91 DAYS OR MORE, BUT LESS THAN ONE YEAR|2014-05-23|FIVE TIMES|10|2017-08-06|2018-03-18|LOCATION|HOMELESS ALLIANCE OF DOVE COUNTY|2018-04-13 16:38:03.094108|2018-04-13 16:38:03.094111
2106124|44222447|||Felicia||Evans|||1980-02-23|140472920|||892112|FL|||R|NOT HISPANIC|F||||||||CLIENT DOESN'T KNOW|DATA NOT COLLECTED|2017-11-07|2018-04-02|SAFE HAVEN SHELTER|EMERGENCY SHELTER|RHSP|DATA NOT COLLECTED|46775|SELF|2018-04-04|OTHER|91 DAYS OR MORE, BUT LESS THAN ONE YEAR|2015-07-07|FIVE TIMES|10|2017-08-10|2018-04-07|LOCATION|HOMELESS ALLIANCE OF DOVE COUNTY|2018-04-13 16:38:03.042751|2018-04-13 16:38:03.042754
8721632|40326941|||April||Evans|||1994-03-03|596204780|||317095|FL|||D|NOT HISPANIC|F||||||||DATA NOT COLLECTED|YES|2017-12-19|2018-04-10|SAFE HAVEN SHELTER|EMERGENCY SHELTER|RHSP|DATA NOT COLLECTED|73802|SELF|2018-04-10|OTHER|91 DAYS OR MORE, BUT LESS THAN ONE YEAR|2014-10-22|FIVE TIMES|10|2017-08-10|2018-02-21|LOCATION|HOMELESS ALLIANCE OF DOVE COUNTY|2018-04-13 16:38:03.093178|2018-04-13 16:38:03.093181
4693051|23436235|||Krystal||Wilkerson|||1998-12-24|189624778|||273005|FL|||A|NOT HISPANIC|F||||||||DATA NOT COLLECTED|CLIENT REFUSED|2018-01-11|2018-02-21|SAFE HAVEN SHELTER|EMERGENCY SHELTER|RHSP|DATA NOT COLLECTED|69510|SELF|2018-04-09|OTHER|91 DAYS OR MORE, BUT LESS THAN ONE YEAR|2014-12-25|FIVE TIMES|10|2017-08-14|2018-01-14|LOCATION|HOMELESS ALLIANCE OF DOVE COUNTY|2018-04-13 16:38:03.036159|2018-04-13 16:38:03.036162
3618923|44466774|||Amanda||Brown|||1967-08-10|316906263|||48855|FL|||B|NOT HISPANIC|F||||||||YES|CLIENT DOESN'T KNOW|2017-05-20|2018-02-18|SAFE HAVEN SHELTER|EMERGENCY SHELTER|RHSP|DATA NOT COLLECTED|10815|SELF|2018-04-02|OTHER|91 DAYS OR MORE, BUT LESS THAN ONE YEAR|2014-05-21|FIVE TIMES|10|2017-08-17|2018-03-02|LOCATION|HOMELESS ALLIANCE OF DOVE COUNTY|2018-04-13 16:38:03.047357|2018-04-13 16:38:03.047360
4020615|56622077|||Scott||Sanchez|||1988-08-13|723536936|||425776|FL|||N|HISPANIC|F||||||||NO|DATA NOT COLLECTED|2017-07-07|2018-03-27|SAFE HAVEN SHELTER|EMERGENCY SHELTER|RHSP|DATA NOT COLLECTED|44253|SELF|2018-04-04|OTHER|91 DAYS OR MORE, BUT LESS THAN ONE YEAR|2014-12-22|FIVE TIMES|10|2017-08-17|2017-11-07|LOCATION|HOMELESS ALLIANCE OF DOVE COUNTY|2018-04-13 16:38:03.092223|2018-04-13 16:38:03.092227
7986347|6769359|||Scott||Lopez|||1999-02-01|519239955|||39494|FL|||H|NOT HISPANIC|F||||||||NO|CLIENT DOESN'T KNOW|2017-09-11|2018-02-27|SAFE HAVEN SHELTER|EMERGENCY SHELTER|RHSP|DATA NOT COLLECTED|87962|SELF|2018-04-06|OTHER|91 DAYS OR MORE, BUT LESS THAN ONE YEAR|2015-08-01|FIVE TIMES|10|2017-08-18|2017-08-29|LOCATION|HOMELESS ALLIANCE OF DOVE COUNTY|2018-04-13 16:38:03.111004|2018-04-13 16:38:03.111007
9186566|15806168|||Larry||Heath|||1948-03-17|113600344|||202512|FL|||R|HISPANIC|F||||||||CLIENT DOESN'T KNOW|YES|2017-07-28|2018-01-21|SAFE HAVEN SHELTER|EMERGENCY SHELTER|RHSP|DATA NOT COLLECTED|38270|SELF|2018-04-12|OTHER|91 DAYS OR MORE, BUT LESS THAN ONE YEAR|2014-10-04|FIVE TIMES|10|2017-08-21|2018-03-23|LOCATION|HOMELESS ALLIANCE OF DOVE COUNTY|2018-04-13 16:38:03.037098|2018-04-13 16:38:03.037101
1169156|95606964|||Jesse||Martinez|||1945-07-20|112757164|||755275|FL|||R|NOT HISPANIC|F||||||||CLIENT REFUSED|CLIENT DOESN'T KNOW|2017-08-28|2018-04-03|SAFE HAVEN SHELTER|EMERGENCY SHELTER|RHSP|DATA NOT COLLECTED|46534|SELF|2018-04-10|OTHER|91 DAYS OR MORE, BUT LESS THAN ONE YEAR|2016-02-26|FIVE TIMES|10|2017-08-29|2018-03-03|LOCATION|HOMELESS ALLIANCE OF DOVE COUNTY|2018-04-13 16:38:03.053855|2018-04-13 16:38:03.053858
7492191|99557039|||Scott||Lopez|||1999-02-01|519239955|||67277|FL|||N|NOT HISPANIC|F||||||||CLIENT DOESN'T KNOW|CLIENT REFUSED|2017-09-03|2018-01-19|SAFE HAVEN SHELTER|EMERGENCY SHELTER|RHSP|DATA NOT COLLECTED|62192|SELF|2018-04-09|OTHER|91 DAYS OR MORE, BUT LESS THAN ONE YEAR|2015-03-10|FIVE TIMES|10|2017-09-02|2017-10-03|LOCATION|HOMELESS ALLIANCE OF DOVE COUNTY|2018-04-13 16:38:03.038976|2018-04-13 16:38:03.038979
3629477|37181112|||Adrian||Mueller|||1953-10-04|630858809|||819267|FL|||A|NOT HISPANIC|F||||||||NO|CLIENT DOESN'T KNOW|2017-09-11|2018-03-03|SAFE HAVEN SHELTER|EMERGENCY SHELTER|RHSP|DATA NOT COLLECTED|52192|SELF|2018-04-10|OTHER|91 DAYS OR MORE, BUT LESS THAN ONE YEAR|2016-01-24|FIVE TIMES|10|2017-09-02|2018-02-21|LOCATION|HOMELESS ALLIANCE OF DOVE COUNTY|2018-04-13 16:38:03.070758|2018-04-13 16:38:03.070761
5031841|76410310|||Michelle||Patterson|||2000-03-27|452484333|||946439|FL|||N|HISPANIC|F||||||||NO|CLIENT REFUSED|2017-10-03|2018-02-21|SAFE HAVEN SHELTER|EMERGENCY SHELTER|RHSP|DATA NOT COLLECTED|68084|SELF|2018-04-05|OTHER|91 DAYS OR MORE, BUT LESS THAN ONE YEAR|2015-12-15|FIVE TIMES|10|2017-09-02|2018-04-09|LOCATION|HOMELESS ALLIANCE OF DOVE COUNTY|2018-04-13 16:38:03.115680|2018-04-13 16:38:03.115683
5796069|38765558|||Samantha||West|||1961-11-11|247605459|||633107|FL|||O|HISPANIC|F||||||||YES|CLIENT REFUSED|2017-06-27|2018-04-10|SAFE HAVEN SHELTER|EMERGENCY SHELTER|RHSP|DATA NOT COLLECTED|65817|SELF|2018-04-05|OTHER|91 DAYS OR MORE, BUT LESS THAN ONE YEAR|2014-10-25|FIVE TIMES|10|2017-09-08|2018-03-25|LOCATION|HOMELESS ALLIANCE OF DOVE COUNTY|2018-04-13 16:38:03.076348|2018-04-13 16:38:03.076351
6682748|88537598|||Katherine||Mcdonald|||1976-01-11|043429192|||707729|FL|||N|HISPANIC|F||||||||CLIENT DOESN'T KNOW|CLIENT REFUSED|2017-08-23|2018-04-03|SAFE HAVEN SHELTER|EMERGENCY SHELTER|RHSP|DATA NOT COLLECTED|23924|SELF|2018-04-06|OTHER|91 DAYS OR MORE, BUT LESS THAN ONE YEAR|2015-11-30|FIVE TIMES|10|2017-09-13|2018-04-01|LOCATION|HOMELESS ALLIANCE OF DOVE COUNTY|2018-04-13 16:38:03.103471|2018-04-13 16:38:03.103474
6647277|80632651|||Samantha||Riley|||1992-03-17|166015176|||309553|FL|||I|NOT HISPANIC|F||||||||NO|CLIENT DOESN'T KNOW|2017-08-02|2018-03-19|SAFE HAVEN SHELTER|EMERGENCY SHELTER|RHSP|DATA NOT COLLECTED|52911|SELF|2018-04-04|OTHER|91 DAYS OR MORE, BUT LESS THAN ONE YEAR|2014-10-26|FIVE TIMES|10|2017-09-15|2018-02-03|LOCATION|HOMELESS ALLIANCE OF DOVE COUNTY|2018-04-13 16:38:03.048296|2018-04-13 16:38:03.048299
3265970|87117905|||Deborah||Meyers|||1973-06-25|691292908|||508458|FL|||P|HISPANIC|F||||||||CLIENT DOESN'T KNOW|YES|2017-05-15|2018-04-11|SAFE HAVEN SHELTER|EMERGENCY SHELTER|RHSP|DATA NOT COLLECTED|75958|SELF|2018-04-06|OTHER|91 DAYS OR MORE, BUT LESS THAN ONE YEAR|2016-03-01|FIVE TIMES|10|2017-09-16|2018-03-01|LOCATION|HOMELESS ALLIANCE OF DOVE COUNTY|2018-04-13 16:38:03.116582|2018-04-13 16:38:03.116585
8690817|70317887|||Kayla||Martin|||1992-03-13|846217483|||301798|FL|||B|NOT HISPANIC|F||||||||DATA NOT COLLECTED|YES|2017-11-30|2018-01-18|SAFE HAVEN SHELTER|EMERGENCY SHELTER|RHSP|DATA NOT COLLECTED|44924|SELF|2018-04-05|OTHER|91 DAYS OR MORE, BUT LESS THAN ONE YEAR|2015-07-06|FIVE TIMES|10|2017-09-18|2018-02-28|LOCATION|HOMELESS ALLIANCE OF DOVE COUNTY|2018-04-13 16:38:03.106309|2018-04-13 16:38:03.106313
283752|20240088|||Deborah||Henson|||1944-03-24|549939724|||759520|FL|||I|NOT HISPANIC|F||||||||CLIENT DOESN'T KNOW|CLIENT DOESN'T KNOW|2017-11-02|2018-04-05|SAFE HAVEN SHELTER|EMERGENCY SHELTER|RHSP|DATA NOT COLLECTED|14506|SELF|2018-04-09|OTHER|91 DAYS OR MORE, BUT LESS THAN ONE YEAR|2014-10-08|FIVE TIMES|10|2017-09-19|2017-10-24|LOCATION|HOMELESS ALLIANCE OF DOVE COUNTY|2018-04-13 16:38:03.077267|2018-04-13 16:38:03.077270
5241223|74332381|||Kimberly||Watkins|||1973-03-27|310374284|||340491|FL|||R|HISPANIC|F||||||||DATA NOT COLLECTED|YES|2017-10-29|2018-04-12|SAFE HAVEN SHELTER|EMERGENCY SHELTER|RHSP|DATA NOT COLLECTED|78586|SELF|2018-04-05|OTHER|91 DAYS OR MORE, BUT LESS THAN ONE YEAR|2015-09-22|FIVE TIMES|10|2017-09-19|2018-03-19|LOCATION|HOMELESS ALLIANCE OF DOVE COUNTY|2018-04-13 16:38:03.086685|2018-04-13 16:38:03.086688
9209405|22704429|||Lauren||Gonzalez|||1973-02-22|543516869|||195056|FL|||O|NOT HISPANIC|F||||||||NO|NO|2017-05-31|2018-02-18|SAFE HAVEN SHELTER|EMERGENCY SHELTER|RHSP|DATA NOT COLLECTED|13807|SELF|2018-04-04|OTHER|91 DAYS OR MORE, BUT LESS THAN ONE YEAR|2015-05-13|FIVE TIMES|10|2017-09-22|2018-02-11|LOCATION|HOMELESS ALLIANCE OF DOVE COUNTY|2018-04-13 16:38:03.095056|2018-04-13 16:38:03.095059
8215035|18789691|||Charles||Steele|||1991-05-01|094999175|||987238|FL|||O|NOT HISPANIC|F||||||||CLIENT REFUSED|CLIENT REFUSED|2017-05-23|2018-03-27|SAFE HAVEN SHELTER|EMERGENCY SHELTER|RHSP|DATA NOT COLLECTED|47351|SELF|2018-04-11|OTHER|91 DAYS OR MORE, BUT LESS THAN ONE YEAR|2015-04-05|FIVE TIMES|10|2017-09-25|2018-01-23|LOCATION|HOMELESS ALLIANCE OF DOVE COUNTY|2018-04-13 16:38:03.045510|2018-04-13 16:38:03.045513
1252886|76237608|||Joseph||Jefferson|||1981-11-02|351670431|||304702|FL|||D|HISPANIC|F||||||||YES|CLIENT DOESN'T KNOW|2017-11-04|2018-03-22|SAFE HAVEN SHELTER|EMERGENCY SHELTER|RHSP|DATA NOT COLLECTED|60935|SELF|2018-04-05|OTHER|91 DAYS OR MORE, BUT LESS THAN ONE YEAR|2015-06-29|FIVE TIMES|10|2017-09-25|2018-01-21|LOCATION|HOMELESS ALLIANCE OF DOVE COUNTY|2018-04-13 16:38:03.082877|2018-04-13 16:38:03.082881
5641076|80499789|||Lauren||Mitchell|||1943-12-27|189223436|||809862|FL|||N|HISPANIC|F||||||||CLIENT REFUSED|NO|2017-11-18|2018-02-26|SAFE HAVEN SHELTER|EMERGENCY SHELTER|RHSP|DATA NOT COLLECTED|914|SELF|2018-04-12|OTHER|91 DAYS OR MORE, BUT LESS THAN ONE YEAR|2015-11-28|FIVE TIMES|10|2017-09-29|2018-04-06|LOCATION|HOMELESS ALLIANCE OF DOVE COUNTY|2018-04-13 16:38:03.087588|2018-04-13 16:38:03.087591
943638|14870704|||Joshua||Miller|||1992-02-17|173210934|||394214|FL|||A|NOT HISPANIC|F||||||||YES|CLIENT REFUSED|2017-11-03|2018-02-16|SAFE HAVEN SHELTER|EMERGENCY SHELTER|RHSP|DATA NOT COLLECTED|83738|SELF|2018-04-10|OTHER|91 DAYS OR MORE, BUT LESS THAN ONE YEAR|2016-03-19|FIVE TIMES|10|2017-10-04|2018-02-08|LOCATION|HOMELESS ALLIANCE OF DOVE COUNTY|2018-04-13 16:38:03.031476|2018-04-13 16:38:03.031479
3211241|73714561|||John||Boyd|||1973-11-25|589776951|||99239|FL|||O|NOT HISPANIC|F||||||||CLIENT DOESN'T KNOW|NO|2018-01-09|2018-02-10|SAFE HAVEN SHELTER|EMERGENCY SHELTER|RHSP|DATA NOT COLLECTED|36898|SELF|2018-04-12|OTHER|91 DAYS OR MORE, BUT LESS THAN ONE YEAR|2016-02-22|FIVE TIMES|10|2017-10-05|2018-01-27|LOCATION|HOMELESS ALLIANCE OF DOVE COUNTY|2018-04-13 16:38:03.058551|2018-04-13 16:38:03.058554
8256952|13929678|||Laura||Brooks|||1978-02-07|875317970|||903097|FL|||O|HISPANIC|F||||||||CLIENT REFUSED|YES|2017-11-10|2018-02-26|SAFE HAVEN SHELTER|EMERGENCY SHELTER|RHSP|DATA NOT COLLECTED|67496|SELF|2018-04-10|OTHER|91 DAYS OR MORE, BUT LESS THAN ONE YEAR|2014-07-23|FIVE TIMES|10|2017-10-05|2018-03-31|LOCATION|HOMELESS ALLIANCE OF DOVE COUNTY|2018-04-13 16:38:03.107270|2018-04-13 16:38:03.107273
7387122|23993537|||Juan||Jackson|||1952-06-10|870260808|||895132|FL|||B|NOT HISPANIC|F||||||||YES|CLIENT REFUSED|2017-05-16|2018-03-23|SAFE HAVEN SHELTER|EMERGENCY SHELTER|RHSP|DATA NOT COLLECTED|82349|SELF|2018-04-09|OTHER|91 DAYS OR MORE, BUT LESS THAN ONE YEAR|2015-05-31|FIVE TIMES|10|2017-10-11|2018-02-20|LOCATION|HOMELESS ALLIANCE OF DOVE COUNTY|2018-04-13 16:38:03.071671|2018-04-13 16:38:03.071675
7738079|79412931|||Brian||Dougherty|||1949-11-13|864444157|||232396|FL|||D|HISPANIC|F||||||||NO|CLIENT DOESN'T KNOW|2017-05-06|2018-01-19|SAFE HAVEN SHELTER|EMERGENCY SHELTER|RHSP|DATA NOT COLLECTED|2528|SELF|2018-04-08|OTHER|91 DAYS OR MORE, BUT LESS THAN ONE YEAR|2015-04-28|FIVE TIMES|10|2017-10-12|2018-03-08|LOCATION|HOMELESS ALLIANCE OF DOVE COUNTY|2018-04-13 16:38:03.041807|2018-04-13 16:38:03.041810
2415314|51517479|||Jeremiah||Wall|||1991-12-14|154296972|||887701|FL|||H|HISPANIC|F||||||||CLIENT REFUSED|NO|2017-09-11|2018-03-12|SAFE HAVEN SHELTER|EMERGENCY SHELTER|RHSP|DATA NOT COLLECTED|48896|SELF|2018-04-10|OTHER|91 DAYS OR MORE, BUT LESS THAN ONE YEAR|2014-10-03|FIVE TIMES|10|2017-10-14|2018-02-01|LOCATION|HOMELESS ALLIANCE OF DOVE COUNTY|2018-04-13 16:38:03.113787|2018-04-13 16:38:03.113790
5263994|83211381|||Steven||Lewis|||1976-02-02|819404290|||13376|FL|||R|HISPANIC|F||||||||DATA NOT COLLECTED|NO|2017-12-22|2018-01-20|SAFE HAVEN SHELTER|EMERGENCY SHELTER|RHSP|DATA NOT COLLECTED|60114|SELF|2018-04-02|OTHER|91 DAYS OR MORE, BUT LESS THAN ONE YEAR|2015-04-29|FIVE TIMES|10|2017-10-15|2017-11-09|LOCATION|HOMELESS ALLIANCE OF DOVE COUNTY|2018-04-13 16:38:03.062322|2018-04-13 16:38:03.062325
7603342|61409140|||Melissa||Peterson|||1951-07-22|474029325|||942387|FL|||D|HISPANIC|F||||||||CLIENT REFUSED|YES|2017-06-11|2018-04-05|SAFE HAVEN SHELTER|EMERGENCY SHELTER|RHSP|DATA NOT COLLECTED|14710|SELF|2018-04-08|OTHER|91 DAYS OR MORE, BUT LESS THAN ONE YEAR|2015-08-08|FIVE TIMES|10|2017-10-15|2018-02-26|LOCATION|HOMELESS ALLIANCE OF DOVE COUNTY|2018-04-13 16:38:03.088505|2018-04-13 16:38:03.088508
14772|61693482|||Ann||Patton|||1961-05-26|738558956|||720517|FL|||N|NOT HISPANIC|F||||||||CLIENT REFUSED|CLIENT REFUSED|2017-08-22|2018-02-27|SAFE HAVEN SHELTER|EMERGENCY SHELTER|RHSP|DATA NOT COLLECTED|43510|SELF|2018-04-12|OTHER|91 DAYS OR MORE, BUT LESS THAN ONE YEAR|2016-03-25|FIVE TIMES|10|2017-10-22|2017-10-26|LOCATION|HOMELESS ALLIANCE OF DOVE COUNTY|2018-04-13 16:38:03.067940|2018-04-13 16:38:03.067943
5448369|70915545|||Mariah||Aguilar|||1945-03-21|492923248|||112660|FL|||I|NOT HISPANIC|F||||||||DATA NOT COLLECTED|YES|2017-12-12|2018-02-23|SAFE HAVEN SHELTER|EMERGENCY SHELTER|RHSP|DATA NOT COLLECTED|58539|SELF|2018-04-11|OTHER|91 DAYS OR MORE, BUT LESS THAN ONE YEAR|2014-06-20|FIVE TIMES|10|2017-10-24|2018-02-19|LOCATION|HOMELESS ALLIANCE OF DOVE COUNTY|2018-04-13 16:38:03.097856|2018-04-13 16:38:03.097860
3553914|27165784|||Deborah||Henson|||1944-03-24|549939724|||194286|FL|||H|NOT HISPANIC|F||||||||DATA NOT COLLECTED|CLIENT REFUSED|2018-01-10|2018-02-20|SAFE HAVEN SHELTER|EMERGENCY SHELTER|RHSP|DATA NOT COLLECTED|78491|SELF|2018-04-01|OTHER|91 DAYS OR MORE, BUT LESS THAN ONE YEAR|2015-03-14|FIVE TIMES|10|2017-10-31|2017-12-09|LOCATION|HOMELESS ALLIANCE OF DOVE COUNTY|2018-04-13 16:38:03.046425|2018-04-13 16:38:03.046428
473231|85969342|||Ann||Patton|||1961-05-26|738558956|||823988|FL|||W|NOT HISPANIC|F||||||||CLIENT DOESN'T KNOW|DATA NOT COLLECTED|2017-12-19|2018-03-15|SAFE HAVEN SHELTER|EMERGENCY SHELTER|RHSP|DATA NOT COLLECTED|84517|SELF|2018-04-03|OTHER|91 DAYS OR MORE, BUT LESS THAN ONE YEAR|2016-03-30|FIVE TIMES|10|2017-11-01|2018-01-24|LOCATION|HOMELESS ALLIANCE OF DOVE COUNTY|2018-04-13 16:38:03.027741|2018-04-13 16:38:03.027749
7750995|99903221|||Elizabeth||Smith|||1993-12-21|535052462|||2768|FL|||H|NOT HISPANIC|F||||||||CLIENT DOESN'T KNOW|DATA NOT COLLECTED|2017-06-05|2018-01-19|SAFE HAVEN SHELTER|EMERGENCY SHELTER|RHSP|DATA NOT COLLECTED|79843|SELF|2018-04-04|OTHER|91 DAYS OR MORE, BUT LESS THAN ONE YEAR|2015-09-24|FIVE TIMES|10|2017-11-17|2018-02-06|LOCATION|HOMELESS ALLIANCE OF DOVE COUNTY|2018-04-13 16:38:03.098801|2018-04-13 16:38:03.098804
3362328|75695103|||April||Smith|||1958-09-27|505934261|||213239|FL|||B|HISPANIC|F||||||||CLIENT DOESN'T KNOW|YES|2017-07-08|2018-03-02|SAFE HAVEN SHELTER|EMERGENCY SHELTER|RHSP|DATA NOT COLLECTED|49923|SELF|2018-04-04|OTHER|91 DAYS OR MORE, BUT LESS THAN ONE YEAR|2015-09-26|FIVE TIMES|10|2017-11-24|2018-02-20|LOCATION|HOMELESS ALLIANCE OF DOVE COUNTY|2018-04-13 16:38:03.072581|2018-04-13 16:38:03.072584
408331|99419136|||Jorge||Love|||1995-11-17|627670139|||247790|FL|||A|NOT HISPANIC|F||||||||NO|YES|2017-11-13|2018-03-06|SAFE HAVEN SHELTER|EMERGENCY SHELTER|RHSP|DATA NOT COLLECTED|49953|SELF|2018-04-01|OTHER|91 DAYS OR MORE, BUT LESS THAN ONE YEAR|2015-03-17|FIVE TIMES|10|2017-11-25|2018-04-09|LOCATION|HOMELESS ALLIANCE OF DOVE COUNTY|2018-04-13 16:38:03.110063|2018-04-13 16:38:03.110066
4954315|61010168|||Brittany||Gentry|||2000-02-27|304582490|||209407|FL|||W|HISPANIC|F||||||||YES|CLIENT DOESN'T KNOW|2018-01-08|2018-02-25|SAFE HAVEN SHELTER|EMERGENCY SHELTER|RHSP|DATA NOT COLLECTED|15084|SELF|2018-04-11|OTHER|91 DAYS OR MORE, BUT LESS THAN ONE YEAR|2015-03-23|FIVE TIMES|10|2017-12-01|2018-03-21|LOCATION|HOMELESS ALLIANCE OF DOVE COUNTY|2018-04-13 16:38:03.083820|2018-04-13 16:38:03.083822
351461|3494867|||Chris||Harvey|||1977-12-14|155840818|||337031|FL|||I|HISPANIC|F||||||||CLIENT DOESN'T KNOW|CLIENT DOESN'T KNOW|2017-08-11|2018-03-20|SAFE HAVEN SHELTER|EMERGENCY SHELTER|RHSP|DATA NOT COLLECTED|73149|SELF|2018-04-01|OTHER|91 DAYS OR MORE, BUT LESS THAN ONE YEAR|2015-10-20|FIVE TIMES|10|2017-12-03|2018-03-26|LOCATION|HOMELESS ALLIANCE OF DOVE COUNTY|2018-04-13 16:38:03.091291|2018-04-13 16:38:03.091295
5571838|36868648|||Todd||Frederick|||1974-04-04|272631459|||780476|FL|||I|NOT HISPANIC|F||||||||DATA NOT COLLECTED|YES|2017-11-21|2018-03-11|SAFE HAVEN SHELTER|EMERGENCY SHELTER|RHSP|DATA NOT COLLECTED|73373|SELF|2018-04-09|OTHER|91 DAYS OR MORE, BUT LESS THAN ONE YEAR|2016-01-20|FIVE TIMES|10|2017-12-05|2018-03-16|LOCATION|HOMELESS ALLIANCE OF DOVE COUNTY|2018-04-13 16:38:03.061363|2018-04-13 16:38:03.061367
896635|40851742|||Scott||Sanchez|||1988-08-13|723536936|||487692|FL|||O|NOT HISPANIC|F||||||||DATA NOT COLLECTED|YES|2017-06-04|2018-03-29|SAFE HAVEN SHELTER|EMERGENCY SHELTER|RHSP|DATA NOT COLLECTED|79792|SELF|2018-04-11|OTHER|91 DAYS OR MORE, BUT LESS THAN ONE YEAR|2014-11-07|FIVE TIMES|10|2017-12-06|2017-12-17|LOCATION|HOMELESS ALLIANCE OF DOVE COUNTY|2018-04-13 16:38:03.078209|2018-04-13 16:38:03.078212
8842145|50229850|||William||Meyers|||1979-11-28|261494262|||15605|FL|||B|HISPANIC|F||||||||YES|CLIENT REFUSED|2018-01-12|2018-03-13|SAFE HAVEN SHELTER|EMERGENCY SHELTER|RHSP|DATA NOT COLLECTED|23188|SELF|2018-04-11|OTHER|91 DAYS OR MORE, BUT LESS THAN ONE YEAR|2014-07-11|FIVE TIMES|10|2017-12-08|2017-12-08|LOCATION|HOMELESS ALLIANCE OF DOVE COUNTY|2018-04-13 16:38:03.067024|2018-04-13 16:38:03.067027
6700031|63992974|||Michael||Taylor|||1947-10-13|338523130|||369538|FL|||D|HISPANIC|F||||||||CLIENT DOESN'T KNOW|NO|2017-06-19|2018-04-10|SAFE HAVEN SHELTER|EMERGENCY SHELTER|RHSP|DATA NOT COLLECTED|61515|SELF|2018-04-12|OTHER|91 DAYS OR MORE, BUT LESS THAN ONE YEAR|2016-03-27|FIVE TIMES|10|2017-12-09|2018-03-12|LOCATION|HOMELESS ALLIANCE OF DOVE COUNTY|2018-04-13 16:38:03.028708|2018-04-13 16:38:03.028711
9492764|58192549|||Olivia||Glover|||1989-03-07|091214741|||728634|FL|||O|NOT HISPANIC|F||||||||NO|DATA NOT COLLECTED|2017-05-05|2018-02-02|SAFE HAVEN SHELTER|EMERGENCY SHELTER|RHSP|DATA NOT COLLECTED|90517|SELF|2018-04-07|OTHER|91 DAYS OR MORE, BUT LESS THAN ONE YEAR|2015-02-07|FIVE TIMES|10|2017-12-12|2018-04-06|LOCATION|HOMELESS ALLIANCE OF DOVE COUNTY|2018-04-13 16:38:03.119495|2018-04-13 16:38:03.119498
4784670|56607938|||Steven||Lewis|||1976-02-02|819404290|||960375|FL|||H|NOT HISPANIC|F||||||||NO|YES|2017-05-21|2018-01-18|SAFE HAVEN SHELTER|EMERGENCY SHELTER|RHSP|DATA NOT COLLECTED|20848|SELF|2018-04-08|OTHER|91 DAYS OR MORE, BUT LESS THAN ONE YEAR|2014-08-18|FIVE TIMES|10|2017-12-13|2018-04-08|LOCATION|HOMELESS ALLIANCE OF DOVE COUNTY|2018-04-13 16:38:03.035224|2018-04-13 16:38:03.035227
6649808|5473371|||Annette||Martinez|||1970-02-28|884531243|||202470|FL|||D|HISPANIC|F||||||||YES|NO|2017-04-19|2018-01-14|SAFE HAVEN SHELTER|EMERGENCY SHELTER|RHSP|DATA NOT COLLECTED|55854|SELF|2018-04-05|OTHER|91 DAYS OR MORE, BUT LESS THAN ONE YEAR|2016-01-15|FIVE TIMES|10|2017-12-23|2018-03-27|LOCATION|HOMELESS ALLIANCE OF DOVE COUNTY|2018-04-13 16:38:03.059503|2018-04-13 16:38:03.059506
3586321|87588560|||William||Meyers|||1979-11-28|261494262|||623063|FL|||P|NOT HISPANIC|F||||||||CLIENT DOESN'T KNOW|YES|2017-11-19|2018-02-01|SAFE HAVEN SHELTER|EMERGENCY SHELTER|RHSP|DATA NOT COLLECTED|3415|SELF|2018-04-08|OTHER|91 DAYS OR MORE, BUT LESS THAN ONE YEAR|2014-06-11|FIVE TIMES|10|2017-12-29|2018-02-11|LOCATION|HOMELESS ALLIANCE OF DOVE COUNTY|2018-04-13 16:38:03.051079|2018-04-13 16:38:03.051082
1785607|13983635|||Eugene||Ward|||1947-06-05|417401579|||431924|FL|||P|NOT HISPANIC|F||||||||DATA NOT COLLECTED|NO|2017-09-28|2018-02-08|SAFE HAVEN SHELTER|EMERGENCY SHELTER|RHSP|DATA NOT COLLECTED|53108|SELF|2018-04-03|OTHER|91 DAYS OR MORE, BUT LESS THAN ONE YEAR|2015-04-23|FIVE TIMES|10|2018-01-01|2018-01-29|LOCATION|HOMELESS ALLIANCE OF DOVE COUNTY|2018-04-13 16:38:03.044596|2018-04-13 16:38:03.044600
6767479|87113839|||Michael||Ramirez|||1945-10-17|114922310|||559400|FL|||N|NOT HISPANIC|F||||||||DATA NOT COLLECTED|DATA NOT COLLECTED|2017-06-03|2018-02-07|SAFE HAVEN SHELTER|EMERGENCY SHELTER|RHSP|DATA NOT COLLECTED|37325|SELF|2018-04-12|OTHER|91 DAYS OR MORE, BUT LESS THAN ONE YEAR|2015-01-06|FIVE TIMES|10|2018-01-03|2018-03-11|LOCATION|HOMELESS ALLIANCE OF DOVE COUNTY|2018-04-13 16:38:03.029635|2018-04-13 16:38:03.029645
7559867|62958226|||Lauren||Gonzalez|||1973-02-22|543516869|||672924|FL|||P|HISPANIC|F||||||||CLIENT DOESN'T KNOW|NO|2017-10-07|2018-02-09|SAFE HAVEN SHELTER|EMERGENCY SHELTER|RHSP|DATA NOT COLLECTED|65952|SELF|2018-04-07|OTHER|91 DAYS OR MORE, BUT LESS THAN ONE YEAR|2015-04-10|FIVE TIMES|10|2018-01-06|2018-02-12|LOCATION|HOMELESS ALLIANCE OF DOVE COUNTY|2018-04-13 16:38:03.056658|2018-04-13 16:38:03.056662
736765|13713853|||Kevin||Estrada|||1958-12-24|419209509|||13898|FL|||W|HISPANIC|F||||||||YES|DATA NOT COLLECTED|2017-11-09|2018-03-12|SAFE HAVEN SHELTER|EMERGENCY SHELTER|RHSP|DATA NOT COLLECTED|26741|SELF|2018-04-01|OTHER|91 DAYS OR MORE, BUT LESS THAN ONE YEAR|2016-02-27|FIVE TIMES|10|2018-01-06|2018-03-24|LOCATION|HOMELESS ALLIANCE OF DOVE COUNTY|2018-04-13 16:38:03.069813|2018-04-13 16:38:03.069816
7928000|27675006|||Jacqueline||Newman|||1998-11-23|113089193|||893257|FL|||B|NOT HISPANIC|F||||||||YES|CLIENT DOESN'T KNOW|2017-09-30|2018-02-13|SAFE HAVEN SHELTER|EMERGENCY SHELTER|RHSP|DATA NOT COLLECTED|11848|SELF|2018-04-05|OTHER|91 DAYS OR MORE, BUT LESS THAN ONE YEAR|2015-11-02|FIVE TIMES|10|2018-01-08|2018-03-26|LOCATION|HOMELESS ALLIANCE OF DOVE COUNTY|2018-04-13 16:38:03.043693|2018-04-13 16:38:03.043696
3852513|99380777|||James||Lopez|||1960-03-01|364356866|||412444|FL|||I|HISPANIC|F||||||||CLIENT DOESN'T KNOW|CLIENT REFUSED|2017-12-22|2018-02-05|SAFE HAVEN SHELTER|EMERGENCY SHELTER|RHSP|DATA NOT COLLECTED|26743|SELF|2018-04-03|OTHER|91 DAYS OR MORE, BUT LESS THAN ONE YEAR|2016-03-14|FIVE TIMES|10|2018-01-10|2018-01-29|LOCATION|HOMELESS ALLIANCE OF DOVE COUNTY|2018-04-13 16:38:03.052026|2018-04-13 16:38:03.052029
6394991|39121679|||Monica||Newman|||1977-07-02|002735343|||459239|FL|||I|NOT HISPANIC|F||||||||YES|CLIENT DOESN'T KNOW|2017-07-13|2018-03-04|SAFE HAVEN SHELTER|EMERGENCY SHELTER|RHSP|DATA NOT COLLECTED|27370|SELF|2018-04-07|OTHER|91 DAYS OR MORE, BUT LESS THAN ONE YEAR|2014-06-21|FIVE TIMES|10|2018-01-12|2018-02-11|LOCATION|HOMELESS ALLIANCE OF DOVE COUNTY|2018-04-13 16:38:03.049208|2018-04-13 16:38:03.049212
4202145|49286627|||Christine||Reed|||1955-04-22|848517831|||411811|FL|||A|NOT HISPANIC|F||||||||CLIENT REFUSED|DATA NOT COLLECTED|2017-07-16|2018-01-17|SAFE HAVEN SHELTER|EMERGENCY SHELTER|RHSP|DATA NOT COLLECTED|19773|SELF|2018-04-12|OTHER|91 DAYS OR MORE, BUT LESS THAN ONE YEAR|2014-07-17|FIVE TIMES|10|2018-01-13|2018-03-26|LOCATION|HOMELESS ALLIANCE OF DOVE COUNTY|2018-04-13 16:38:03.090372|2018-04-13 16:38:03.090375
4202146|49286628|||Christine||Reed|||1955-04-22|848517831|||411811|FL|||A|NOT HISPANIC|F||||||||CLIENT REFUSED|DATA NOT COLLECTED|2017-07-16|2018-01-17|SAFE HAVEN SHELTER|EMERGENCY SHELTER|RHSP|DATA NOT COLLECTED|19773|SELF|2018-04-12|OTHER|91 DAYS OR MORE, BUT LESS THAN ONE YEAR|2014-07-17|FIVE TIMES|10|2018-01-13|2018-03-26|LOCATION|HOMELESS ALLIANCE OF DOVE COUNTY|2018-04-13 16:38:03.090372|2018-04-13 16:38:03.090375
